model,preset,k,P@k,R@k,F1@k,nDCG@k,MAP@k,MRR,coverage_rel@k,coverage_any@k,queries,_source_container,_source_pipeline,_source_artifact,_source_basename,_source_relpath,_source_mtime
embedding_data_deberta_sentence_transformer,A_semantic_only,1,0.1538461538461538,0.0769230769230769,0.1025641025641025,0.1538461538461538,0.1538461538461538,0.2094729344729344,0.1538461538461538,1.0,39,results_dwa1,dwa,ranking_summary,ranking_summary_n221.csv,ranking_summary_n221.csv,2025-09-17 14:27:16
embedding_data_deberta_sentence_transformer,A_semantic_only,3,0.0683760683760683,0.1025641025641025,0.082051282051282,0.1679653985312729,0.0918803418803418,0.2094729344729344,0.1794871794871795,1.0,39,results_dwa1,dwa,ranking_summary,ranking_summary_n221.csv,ranking_summary_n221.csv,2025-09-17 14:27:16
embedding_data_deberta_sentence_transformer,A_semantic_only,5,0.0615384615384615,0.1538461538461538,0.0879120879120879,0.2049289853341389,0.1027777777777777,0.2094729344729344,0.282051282051282,1.0,39,results_dwa1,dwa,ranking_summary,ranking_summary_n221.csv,ranking_summary_n221.csv,2025-09-17 14:27:16
embedding_data_deberta_sentence_transformer,A_semantic_only,10,0.0512820512820512,0.2564102564102564,0.0854700854700854,0.2613293830426612,0.1186965811965811,0.2094729344729344,0.4358974358974359,1.0,39,results_dwa1,dwa,ranking_summary,ranking_summary_n221.csv,ranking_summary_n221.csv,2025-09-17 14:27:16
embedding_data_deberta_sentence_transformer,B_hybrid_light,1,0.1794871794871795,0.0897435897435897,0.1196581196581196,0.1794871794871795,0.1794871794871795,0.2536630036630036,0.1794871794871795,1.0,39,results_dwa1,dwa,ranking_summary,ranking_summary_n221.csv,ranking_summary_n221.csv,2025-09-17 14:27:16
embedding_data_deberta_sentence_transformer,B_hybrid_light,3,0.1111111111111111,0.1666666666666666,0.1333333333333333,0.2349691727047462,0.1175213675213675,0.2536630036630036,0.3333333333333333,1.0,39,results_dwa1,dwa,ranking_summary,ranking_summary_n221.csv,ranking_summary_n221.csv,2025-09-17 14:27:16
embedding_data_deberta_sentence_transformer,B_hybrid_light,5,0.0769230769230769,0.1923076923076923,0.1098901098901099,0.2520941540084049,0.1258547008547008,0.2536630036630036,0.358974358974359,1.0,39,results_dwa1,dwa,ranking_summary,ranking_summary_n221.csv,ranking_summary_n221.csv,2025-09-17 14:27:16
embedding_data_deberta_sentence_transformer,B_hybrid_light,10,0.0538461538461538,0.2692307692307692,0.0897435897435897,0.2935602107151611,0.1412189662189662,0.2536630036630036,0.4358974358974359,1.0,39,results_dwa1,dwa,ranking_summary,ranking_summary_n221.csv,ranking_summary_n221.csv,2025-09-17 14:27:16
embedding_data_deberta_sentence_transformer,C_lex_sem_strong,1,0.2051282051282051,0.1025641025641025,0.1367521367521367,0.2051282051282051,0.2051282051282051,0.3194342694342694,0.2051282051282051,1.0,39,results_dwa1,dwa,ranking_summary,ranking_summary_n221.csv,ranking_summary_n221.csv,2025-09-17 14:27:16
embedding_data_deberta_sentence_transformer,C_lex_sem_strong,3,0.1196581196581196,0.1794871794871795,0.1435897435897436,0.2664817759157531,0.1388888888888888,0.3194342694342694,0.358974358974359,1.0,39,results_dwa1,dwa,ranking_summary,ranking_summary_n221.csv,ranking_summary_n221.csv,2025-09-17 14:27:16
embedding_data_deberta_sentence_transformer,C_lex_sem_strong,5,0.1076923076923077,0.2692307692307692,0.1538461538461538,0.3199209851097095,0.1677350427350427,0.3194342694342694,0.4615384615384615,1.0,39,results_dwa1,dwa,ranking_summary,ranking_summary_n221.csv,ranking_summary_n221.csv,2025-09-17 14:27:16
embedding_data_deberta_sentence_transformer,C_lex_sem_strong,10,0.0743589743589743,0.3717948717948718,0.1239316239316239,0.3775190470460826,0.1877798127798127,0.3194342694342694,0.5897435897435898,1.0,39,results_dwa1,dwa,ranking_summary,ranking_summary_n221.csv,ranking_summary_n221.csv,2025-09-17 14:27:16
embedding_data_deberta_sentence_transformer,D_zfilter,1,0.1794871794871795,0.0897435897435897,0.1196581196581196,0.1794871794871795,0.1794871794871795,0.269047619047619,0.1794871794871795,1.0,39,results_dwa1,dwa,ranking_summary,ranking_summary_n221.csv,ranking_summary_n221.csv,2025-09-17 14:27:16
embedding_data_deberta_sentence_transformer,D_zfilter,3,0.1282051282051282,0.1923076923076923,0.1538461538461538,0.2639673715142708,0.1282051282051282,0.269047619047619,0.3846153846153846,1.0,39,results_dwa1,dwa,ranking_summary,ranking_summary_n221.csv,ranking_summary_n221.csv,2025-09-17 14:27:16
embedding_data_deberta_sentence_transformer,D_zfilter,5,0.0871794871794871,0.2179487179487179,0.1245421245421245,0.2810923528179295,0.1365384615384615,0.269047619047619,0.4102564102564102,1.0,39,results_dwa1,dwa,ranking_summary,ranking_summary_n221.csv,ranking_summary_n221.csv,2025-09-17 14:27:16
embedding_data_deberta_sentence_transformer,D_zfilter,10,0.0564102564102564,0.282051282051282,0.094017094017094,0.3128516963480613,0.1507936507936508,0.269047619047619,0.4615384615384615,1.0,39,results_dwa1,dwa,ranking_summary,ranking_summary_n221.csv,ranking_summary_n221.csv,2025-09-17 14:27:16
embedding_data_deberta_sentence_transformer,E_diversity,1,0.1794871794871795,0.0897435897435897,0.1196581196581196,0.1794871794871795,0.1794871794871795,0.2515262515262515,0.1794871794871795,1.0,39,results_dwa1,dwa,ranking_summary,ranking_summary_n221.csv,ranking_summary_n221.csv,2025-09-17 14:27:16
embedding_data_deberta_sentence_transformer,E_diversity,3,0.1025641025641025,0.1538461538461538,0.1230769230769231,0.2221486598842334,0.1132478632478632,0.2515262515262515,0.3076923076923077,1.0,39,results_dwa1,dwa,ranking_summary,ranking_summary_n221.csv,ranking_summary_n221.csv,2025-09-17 14:27:16
embedding_data_deberta_sentence_transformer,E_diversity,5,0.0717948717948718,0.1794871794871795,0.1025641025641025,0.2442346372213305,0.1196581196581196,0.2515262515262515,0.358974358974359,1.0,39,results_dwa1,dwa,ranking_summary,ranking_summary_n221.csv,ranking_summary_n221.csv,2025-09-17 14:27:16
embedding_data_deberta_sentence_transformer,E_diversity,10,0.0538461538461538,0.2692307692307692,0.0897435897435897,0.2908858303379569,0.1386548636548636,0.2515262515262515,0.4358974358974359,1.0,39,results_dwa1,dwa,ranking_summary,ranking_summary_n221.csv,ranking_summary_n221.csv,2025-09-17 14:27:16
embedding_data_deberta_sentence_transformer,F_recall_first,1,0.1794871794871795,0.0897435897435897,0.1196581196581196,0.1794871794871795,0.1794871794871795,0.2557997557997558,0.1794871794871795,1.0,39,results_dwa1,dwa,ranking_summary,ranking_summary_n221.csv,ranking_summary_n221.csv,2025-09-17 14:27:16
embedding_data_deberta_sentence_transformer,F_recall_first,3,0.1025641025641025,0.1538461538461538,0.1230769230769231,0.2271083112590352,0.1132478632478632,0.2557997557997558,0.3076923076923077,1.0,39,results_dwa1,dwa,ranking_summary,ranking_summary_n221.csv,ranking_summary_n221.csv,2025-09-17 14:27:16
embedding_data_deberta_sentence_transformer,F_recall_first,5,0.0923076923076923,0.2307692307692307,0.1318681318681318,0.2791722400367625,0.1363247863247863,0.2557997557997558,0.4102564102564102,1.0,39,results_dwa1,dwa,ranking_summary,ranking_summary_n221.csv,ranking_summary_n221.csv,2025-09-17 14:27:16
embedding_data_deberta_sentence_transformer,F_recall_first,10,0.0538461538461538,0.2692307692307692,0.0897435897435897,0.2976385513333747,0.1445665445665445,0.2557997557997558,0.4358974358974359,1.0,39,results_dwa1,dwa,ranking_summary,ranking_summary_n221.csv,ranking_summary_n221.csv,2025-09-17 14:27:16
embedding_data_deberta_sentence_transformer,G_mnn_heavy,1,0.1794871794871795,0.0897435897435897,0.1196581196581196,0.1794871794871795,0.1794871794871795,0.2636752136752137,0.1794871794871795,1.0,39,results_dwa1,dwa,ranking_summary,ranking_summary_n221.csv,ranking_summary_n221.csv,2025-09-17 14:27:16
embedding_data_deberta_sentence_transformer,G_mnn_heavy,3,0.1196581196581196,0.1794871794871795,0.1435897435897436,0.2498481268291517,0.1239316239316239,0.2636752136752137,0.358974358974359,1.0,39,results_dwa1,dwa,ranking_summary,ranking_summary_n221.csv,ranking_summary_n221.csv,2025-09-17 14:27:16
embedding_data_deberta_sentence_transformer,G_mnn_heavy,5,0.0871794871794871,0.2179487179487179,0.1245421245421245,0.276892410882414,0.1348290598290598,0.2636752136752137,0.4102564102564102,1.0,39,results_dwa1,dwa,ranking_summary,ranking_summary_n221.csv,ranking_summary_n221.csv,2025-09-17 14:27:16
embedding_data_deberta_sentence_transformer,G_mnn_heavy,10,0.0538461538461538,0.2692307692307692,0.0897435897435897,0.3009048826249739,0.1465811965811966,0.2636752136752137,0.4358974358974359,1.0,39,results_dwa1,dwa,ranking_summary,ranking_summary_n221.csv,ranking_summary_n221.csv,2025-09-17 14:27:16
embedding_data_deberta_sentence_transformer,H_zfilter,1,0.1794871794871795,0.0897435897435897,0.1196581196581196,0.1794871794871795,0.1794871794871795,0.2412393162393162,0.1794871794871795,1.0,39,results_dwa1,dwa,ranking_summary,ranking_summary_n221.csv,ranking_summary_n221.csv,2025-09-17 14:27:16
embedding_data_deberta_sentence_transformer,H_zfilter,3,0.094017094017094,0.141025641025641,0.1128205128205128,0.2291667525629279,0.1089743589743589,0.2412393162393162,0.282051282051282,1.0,39,results_dwa1,dwa,ranking_summary,ranking_summary_n221.csv,ranking_summary_n221.csv,2025-09-17 14:27:16
embedding_data_deberta_sentence_transformer,H_zfilter,5,0.0666666666666666,0.1666666666666666,0.0952380952380952,0.2458570328143928,0.1147435897435897,0.2412393162393162,0.3333333333333333,1.0,39,results_dwa1,dwa,ranking_summary,ranking_summary_n221.csv,ranking_summary_n221.csv,2025-09-17 14:27:16
embedding_data_deberta_sentence_transformer,H_zfilter,10,0.0487179487179487,0.2435897435897435,0.0811965811965812,0.2837451951500137,0.130591168091168,0.2412393162393162,0.4102564102564102,1.0,39,results_dwa1,dwa,ranking_summary,ranking_summary_n221.csv,ranking_summary_n221.csv,2025-09-17 14:27:16
embedding_data_deberta_sentence_transformer,I_short_skills_bias,1,0.1794871794871795,0.0897435897435897,0.1196581196581196,0.1794871794871795,0.1794871794871795,0.273962148962149,0.1794871794871795,1.0,39,results_dwa1,dwa,ranking_summary,ranking_summary_n221.csv,ranking_summary_n221.csv,2025-09-17 14:27:16
embedding_data_deberta_sentence_transformer,I_short_skills_bias,3,0.1282051282051282,0.1923076923076923,0.1538461538461538,0.2660258128181634,0.1303418803418803,0.273962148962149,0.3846153846153846,1.0,39,results_dwa1,dwa,ranking_summary,ranking_summary_n221.csv,ranking_summary_n221.csv,2025-09-17 14:27:16
embedding_data_deberta_sentence_transformer,I_short_skills_bias,5,0.0871794871794871,0.2179487179487179,0.1245421245421245,0.2831507941218221,0.1386752136752136,0.273962148962149,0.4102564102564102,1.0,39,results_dwa1,dwa,ranking_summary,ranking_summary_n221.csv,ranking_summary_n221.csv,2025-09-17 14:27:16
embedding_data_deberta_sentence_transformer,I_short_skills_bias,10,0.0564102564102564,0.282051282051282,0.094017094017094,0.3155870620229243,0.1532509157509157,0.273962148962149,0.4615384615384615,1.0,39,results_dwa1,dwa,ranking_summary,ranking_summary_n221.csv,ranking_summary_n221.csv,2025-09-17 14:27:16
embedding_data_deberta_sentence_transformer,J_char_heavy,1,0.2051282051282051,0.1025641025641025,0.1367521367521367,0.2051282051282051,0.2051282051282051,0.3106125356125356,0.2051282051282051,1.0,39,results_dwa1,dwa,ranking_summary,ranking_summary_n221.csv,ranking_summary_n221.csv,2025-09-17 14:27:16
embedding_data_deberta_sentence_transformer,J_char_heavy,3,0.1196581196581196,0.1794871794871795,0.1435897435897436,0.2615221245409513,0.1388888888888888,0.3106125356125356,0.358974358974359,1.0,39,results_dwa1,dwa,ranking_summary,ranking_summary_n221.csv,ranking_summary_n221.csv,2025-09-17 14:27:16
embedding_data_deberta_sentence_transformer,J_char_heavy,5,0.0923076923076923,0.2307692307692307,0.1318681318681318,0.2957720871482687,0.1555555555555555,0.3106125356125356,0.4102564102564102,1.0,39,results_dwa1,dwa,ranking_summary,ranking_summary_n221.csv,ranking_summary_n221.csv,2025-09-17 14:27:16
embedding_data_deberta_sentence_transformer,J_char_heavy,10,0.0692307692307692,0.3461538461538461,0.1153846153846154,0.3603626817595077,0.1760632885632885,0.3106125356125356,0.5641025641025641,1.0,39,results_dwa1,dwa,ranking_summary,ranking_summary_n221.csv,ranking_summary_n221.csv,2025-09-17 14:27:16
sentence_transformers_all_MiniLM_L6_v2,A_semantic_only,1,0.3333333333333333,0.1666666666666666,0.2222222222222222,0.3333333333333333,0.3333333333333333,0.4682336182336182,0.3333333333333333,1.0,39,results_dwa1,dwa,ranking_summary,ranking_summary_n221.csv,ranking_summary_n221.csv,2025-09-17 14:27:16
sentence_transformers_all_MiniLM_L6_v2,A_semantic_only,3,0.1965811965811965,0.2948717948717949,0.2358974358974359,0.4191122572250309,0.2264957264957265,0.4682336182336182,0.5384615384615384,1.0,39,results_dwa1,dwa,ranking_summary,ranking_summary_n221.csv,ranking_summary_n221.csv,2025-09-17 14:27:16
sentence_transformers_all_MiniLM_L6_v2,A_semantic_only,5,0.158974358974359,0.3974358974358974,0.2271062271062271,0.500247798702091,0.2527777777777777,0.4682336182336182,0.717948717948718,1.0,39,results_dwa1,dwa,ranking_summary,ranking_summary_n221.csv,ranking_summary_n221.csv,2025-09-17 14:27:16
sentence_transformers_all_MiniLM_L6_v2,A_semantic_only,10,0.0923076923076923,0.4615384615384615,0.1538461538461538,0.5319775321162906,0.2660256410256409,0.4682336182336182,0.7692307692307693,1.0,39,results_dwa1,dwa,ranking_summary,ranking_summary_n221.csv,ranking_summary_n221.csv,2025-09-17 14:27:16
sentence_transformers_all_MiniLM_L6_v2,B_hybrid_light,1,0.358974358974359,0.1794871794871795,0.2393162393162393,0.358974358974359,0.358974358974359,0.5055860805860806,0.358974358974359,1.0,39,results_dwa1,dwa,ranking_summary,ranking_summary_n221.csv,ranking_summary_n221.csv,2025-09-17 14:27:16
sentence_transformers_all_MiniLM_L6_v2,B_hybrid_light,3,0.2393162393162393,0.358974358974359,0.2871794871794872,0.4413961096975576,0.2799145299145298,0.5055860805860806,0.6153846153846154,1.0,39,results_dwa1,dwa,ranking_summary,ranking_summary_n221.csv,ranking_summary_n221.csv,2025-09-17 14:27:16
sentence_transformers_all_MiniLM_L6_v2,B_hybrid_light,5,0.2,0.5,0.2857142857142858,0.5315446218798225,0.324145299145299,0.5055860805860806,0.7692307692307693,1.0,39,results_dwa1,dwa,ranking_summary,ranking_summary_n221.csv,ranking_summary_n221.csv,2025-09-17 14:27:16
sentence_transformers_all_MiniLM_L6_v2,B_hybrid_light,10,0.1205128205128204,0.6025641025641025,0.2008547008547009,0.5846184968836065,0.3439204314204314,0.5055860805860806,0.8717948717948718,1.0,39,results_dwa1,dwa,ranking_summary,ranking_summary_n221.csv,ranking_summary_n221.csv,2025-09-17 14:27:16
sentence_transformers_all_MiniLM_L6_v2,C_lex_sem_strong,1,0.3333333333333333,0.1666666666666666,0.2222222222222222,0.3333333333333333,0.3333333333333333,0.4978530728530728,0.3333333333333333,1.0,39,results_dwa1,dwa,ranking_summary,ranking_summary_n221.csv,ranking_summary_n221.csv,2025-09-17 14:27:16
sentence_transformers_all_MiniLM_L6_v2,C_lex_sem_strong,3,0.2393162393162393,0.358974358974359,0.2871794871794872,0.4551285487132498,0.2692307692307691,0.4978530728530728,0.6410256410256411,1.0,39,results_dwa1,dwa,ranking_summary,ranking_summary_n221.csv,ranking_summary_n221.csv,2025-09-17 14:27:16
sentence_transformers_all_MiniLM_L6_v2,C_lex_sem_strong,5,0.1692307692307692,0.4230769230769231,0.2417582417582418,0.4964037726369861,0.2942307692307692,0.4978530728530728,0.6923076923076923,1.0,39,results_dwa1,dwa,ranking_summary,ranking_summary_n221.csv,ranking_summary_n221.csv,2025-09-17 14:27:16
sentence_transformers_all_MiniLM_L6_v2,C_lex_sem_strong,10,0.1128205128205127,0.5641025641025641,0.1880341880341881,0.5763320942936222,0.3214234839234839,0.4978530728530728,0.8717948717948718,1.0,39,results_dwa1,dwa,ranking_summary,ranking_summary_n221.csv,ranking_summary_n221.csv,2025-09-17 14:27:16
sentence_transformers_all_MiniLM_L6_v2,D_zfilter,1,0.358974358974359,0.1794871794871795,0.2393162393162393,0.358974358974359,0.358974358974359,0.5071530321530321,0.358974358974359,1.0,39,results_dwa1,dwa,ranking_summary,ranking_summary_n221.csv,ranking_summary_n221.csv,2025-09-17 14:27:16
sentence_transformers_all_MiniLM_L6_v2,D_zfilter,3,0.2478632478632479,0.3717948717948718,0.2974358974358975,0.4575737956865694,0.2863247863247862,0.5071530321530321,0.6410256410256411,1.0,39,results_dwa1,dwa,ranking_summary,ranking_summary_n221.csv,ranking_summary_n221.csv,2025-09-17 14:27:16
sentence_transformers_all_MiniLM_L6_v2,D_zfilter,5,0.1897435897435897,0.4743589743589743,0.2710622710622711,0.5245153339300654,0.3196581196581196,0.5071530321530321,0.7435897435897436,1.0,39,results_dwa1,dwa,ranking_summary,ranking_summary_n221.csv,ranking_summary_n221.csv,2025-09-17 14:27:16
sentence_transformers_all_MiniLM_L6_v2,D_zfilter,10,0.1153846153846153,0.5769230769230769,0.1923076923076923,0.5791231050521664,0.3416107041107041,0.5071530321530321,0.8461538461538461,1.0,39,results_dwa1,dwa,ranking_summary,ranking_summary_n221.csv,ranking_summary_n221.csv,2025-09-17 14:27:16
sentence_transformers_all_MiniLM_L6_v2,E_diversity,1,0.358974358974359,0.1794871794871795,0.2393162393162393,0.358974358974359,0.358974358974359,0.5186914936914936,0.358974358974359,1.0,39,results_dwa1,dwa,ranking_summary,ranking_summary_n221.csv,ranking_summary_n221.csv,2025-09-17 14:27:16
sentence_transformers_all_MiniLM_L6_v2,E_diversity,3,0.2478632478632478,0.3717948717948718,0.2974358974358974,0.4282718505353482,0.2948717948717948,0.5186914936914936,0.6153846153846154,1.0,39,results_dwa1,dwa,ranking_summary,ranking_summary_n221.csv,ranking_summary_n221.csv,2025-09-17 14:27:16
sentence_transformers_all_MiniLM_L6_v2,E_diversity,5,0.2,0.5,0.2857142857142858,0.5044833326158799,0.3352564102564102,0.5186914936914936,0.7692307692307693,1.0,39,results_dwa1,dwa,ranking_summary,ranking_summary_n221.csv,ranking_summary_n221.csv,2025-09-17 14:27:16
sentence_transformers_all_MiniLM_L6_v2,E_diversity,10,0.1333333333333333,0.6666666666666666,0.2222222222222222,0.5835656600138471,0.3728378103378103,0.5186914936914936,0.8717948717948718,1.0,39,results_dwa1,dwa,ranking_summary,ranking_summary_n221.csv,ranking_summary_n221.csv,2025-09-17 14:27:16
sentence_transformers_all_MiniLM_L6_v2,F_recall_first,1,0.358974358974359,0.1794871794871795,0.2393162393162393,0.358974358974359,0.358974358974359,0.4966829466829466,0.358974358974359,1.0,39,results_dwa1,dwa,ranking_summary,ranking_summary_n221.csv,ranking_summary_n221.csv,2025-09-17 14:27:16
sentence_transformers_all_MiniLM_L6_v2,F_recall_first,3,0.2307692307692307,0.3461538461538461,0.276923076923077,0.4510116661054646,0.2670940170940171,0.4966829466829466,0.6153846153846154,1.0,39,results_dwa1,dwa,ranking_summary,ranking_summary_n221.csv,ranking_summary_n221.csv,2025-09-17 14:27:16
sentence_transformers_all_MiniLM_L6_v2,F_recall_first,5,0.1692307692307692,0.4230769230769231,0.2417582417582418,0.4934078866308725,0.2959401709401709,0.4966829466829466,0.6666666666666666,1.0,39,results_dwa1,dwa,ranking_summary,ranking_summary_n221.csv,ranking_summary_n221.csv,2025-09-17 14:27:16
sentence_transformers_all_MiniLM_L6_v2,F_recall_first,10,0.1076923076923077,0.5384615384615384,0.1794871794871795,0.5561366445349117,0.3172466422466423,0.4966829466829466,0.7948717948717948,1.0,39,results_dwa1,dwa,ranking_summary,ranking_summary_n221.csv,ranking_summary_n221.csv,2025-09-17 14:27:16
sentence_transformers_all_MiniLM_L6_v2,G_mnn_heavy,1,0.358974358974359,0.1794871794871795,0.2393162393162393,0.358974358974359,0.358974358974359,0.5089336589336588,0.358974358974359,1.0,39,results_dwa1,dwa,ranking_summary,ranking_summary_n221.csv,ranking_summary_n221.csv,2025-09-17 14:27:16
sentence_transformers_all_MiniLM_L6_v2,G_mnn_heavy,3,0.2478632478632479,0.3717948717948718,0.2974358974358975,0.4575737956865694,0.2863247863247862,0.5089336589336588,0.6410256410256411,1.0,39,results_dwa1,dwa,ranking_summary,ranking_summary_n221.csv,ranking_summary_n221.csv,2025-09-17 14:27:16
sentence_transformers_all_MiniLM_L6_v2,G_mnn_heavy,5,0.1897435897435897,0.4743589743589743,0.2710622710622712,0.5252043187968166,0.3177350427350427,0.5089336589336588,0.7692307692307693,1.0,39,results_dwa1,dwa,ranking_summary,ranking_summary_n221.csv,ranking_summary_n221.csv,2025-09-17 14:27:16
sentence_transformers_all_MiniLM_L6_v2,G_mnn_heavy,10,0.1179487179487179,0.5897435897435898,0.1965811965811966,0.5794530792251192,0.3425315425315425,0.5089336589336588,0.8461538461538461,1.0,39,results_dwa1,dwa,ranking_summary,ranking_summary_n221.csv,ranking_summary_n221.csv,2025-09-17 14:27:16
sentence_transformers_all_MiniLM_L6_v2,H_zfilter,1,0.3333333333333333,0.1666666666666666,0.2222222222222222,0.3333333333333333,0.3333333333333333,0.5047313797313797,0.3333333333333333,1.0,39,results_dwa1,dwa,ranking_summary,ranking_summary_n221.csv,ranking_summary_n221.csv,2025-09-17 14:27:16
sentence_transformers_all_MiniLM_L6_v2,H_zfilter,3,0.2564102564102564,0.3846153846153846,0.3076923076923077,0.4514676292030544,0.2927350427350427,0.5047313797313797,0.6410256410256411,1.0,39,results_dwa1,dwa,ranking_summary,ranking_summary_n221.csv,ranking_summary_n221.csv,2025-09-17 14:27:16
sentence_transformers_all_MiniLM_L6_v2,H_zfilter,5,0.1948717948717949,0.4871794871794871,0.2783882783882785,0.5121125169510659,0.3241452991452991,0.5047313797313797,0.7692307692307693,1.0,39,results_dwa1,dwa,ranking_summary,ranking_summary_n221.csv,ranking_summary_n221.csv,2025-09-17 14:27:16
sentence_transformers_all_MiniLM_L6_v2,H_zfilter,10,0.123076923076923,0.6153846153846154,0.2051282051282051,0.5651303492866954,0.3533831908831908,0.5047313797313797,0.8205128205128205,1.0,39,results_dwa1,dwa,ranking_summary,ranking_summary_n221.csv,ranking_summary_n221.csv,2025-09-17 14:27:16
sentence_transformers_all_MiniLM_L6_v2,I_short_skills_bias,1,0.3333333333333333,0.1666666666666666,0.2222222222222222,0.3333333333333333,0.3333333333333333,0.5092897842897842,0.3333333333333333,1.0,39,results_dwa1,dwa,ranking_summary,ranking_summary_n221.csv,ranking_summary_n221.csv,2025-09-17 14:27:16
sentence_transformers_all_MiniLM_L6_v2,I_short_skills_bias,3,0.2564102564102564,0.3846153846153846,0.3076923076923077,0.4697037564959587,0.2905982905982905,0.5092897842897842,0.6666666666666666,1.0,39,results_dwa1,dwa,ranking_summary,ranking_summary_n221.csv,ranking_summary_n221.csv,2025-09-17 14:27:16
sentence_transformers_all_MiniLM_L6_v2,I_short_skills_bias,5,0.1846153846153846,0.4615384615384615,0.2637362637362638,0.5195203134357962,0.3155982905982906,0.5092897842897842,0.7435897435897436,1.0,39,results_dwa1,dwa,ranking_summary,ranking_summary_n221.csv,ranking_summary_n221.csv,2025-09-17 14:27:16
sentence_transformers_all_MiniLM_L6_v2,I_short_skills_bias,10,0.1179487179487179,0.5897435897435898,0.1965811965811966,0.5802867089755183,0.3427096052096052,0.5092897842897842,0.8461538461538461,1.0,39,results_dwa1,dwa,ranking_summary,ranking_summary_n221.csv,ranking_summary_n221.csv,2025-09-17 14:27:16
sentence_transformers_all_MiniLM_L6_v2,J_char_heavy,1,0.3076923076923077,0.1538461538461538,0.2051282051282051,0.3076923076923077,0.3076923076923077,0.4987484737484736,0.3076923076923077,1.0,39,results_dwa1,dwa,ranking_summary,ranking_summary_n221.csv,ranking_summary_n221.csv,2025-09-17 14:27:16
sentence_transformers_all_MiniLM_L6_v2,J_char_heavy,3,0.2564102564102564,0.3846153846153846,0.3076923076923077,0.4639013363541403,0.2841880341880342,0.4987484737484736,0.6666666666666666,1.0,39,results_dwa1,dwa,ranking_summary,ranking_summary_n221.csv,ranking_summary_n221.csv,2025-09-17 14:27:16
sentence_transformers_all_MiniLM_L6_v2,J_char_heavy,5,0.1897435897435897,0.4743589743589743,0.2710622710622712,0.5236371960435813,0.3117521367521367,0.4987484737484736,0.7692307692307693,1.0,39,results_dwa1,dwa,ranking_summary,ranking_summary_n221.csv,ranking_summary_n221.csv,2025-09-17 14:27:16
sentence_transformers_all_MiniLM_L6_v2,J_char_heavy,10,0.1179487179487179,0.5897435897435898,0.1965811965811966,0.5768765944334754,0.3379985754985755,0.4987484737484736,0.8461538461538461,1.0,39,results_dwa1,dwa,ranking_summary,ranking_summary_n221.csv,ranking_summary_n221.csv,2025-09-17 14:27:16
sentence_transformers_all_distilroberta_v1,A_semantic_only,1,0.282051282051282,0.141025641025641,0.188034188034188,0.282051282051282,0.282051282051282,0.3611009361009361,0.282051282051282,1.0,39,results_dwa1,dwa,ranking_summary,ranking_summary_n221.csv,ranking_summary_n221.csv,2025-09-17 14:27:16
sentence_transformers_all_distilroberta_v1,A_semantic_only,3,0.1196581196581196,0.1794871794871795,0.1435897435897436,0.2957145636388114,0.1581196581196581,0.3611009361009361,0.3333333333333333,1.0,39,results_dwa1,dwa,ranking_summary,ranking_summary_n221.csv,ranking_summary_n221.csv,2025-09-17 14:27:16
sentence_transformers_all_distilroberta_v1,A_semantic_only,5,0.0974358974358974,0.2435897435897435,0.1391941391941392,0.342597453191281,0.1741452991452991,0.3611009361009361,0.4358974358974359,1.0,39,results_dwa1,dwa,ranking_summary,ranking_summary_n221.csv,ranking_summary_n221.csv,2025-09-17 14:27:16
sentence_transformers_all_distilroberta_v1,A_semantic_only,10,0.0794871794871795,0.3974358974358974,0.1324786324786325,0.4379504727941216,0.1974308099308099,0.3611009361009361,0.717948717948718,1.0,39,results_dwa1,dwa,ranking_summary,ranking_summary_n221.csv,ranking_summary_n221.csv,2025-09-17 14:27:16
sentence_transformers_all_distilroberta_v1,B_hybrid_light,1,0.3076923076923077,0.1538461538461538,0.2051282051282051,0.3076923076923077,0.3076923076923077,0.5098290598290598,0.3076923076923077,1.0,39,results_dwa1,dwa,ranking_summary,ranking_summary_n221.csv,ranking_summary_n221.csv,2025-09-17 14:27:16
sentence_transformers_all_distilroberta_v1,B_hybrid_light,3,0.2649572649572649,0.3974358974358974,0.317948717948718,0.4642881420235672,0.2799145299145299,0.5098290598290598,0.6666666666666666,1.0,39,results_dwa1,dwa,ranking_summary,ranking_summary_n221.csv,ranking_summary_n221.csv,2025-09-17 14:27:16
sentence_transformers_all_distilroberta_v1,B_hybrid_light,5,0.2102564102564102,0.5256410256410257,0.3003663003663005,0.5467962745995834,0.3164529914529914,0.5098290598290598,0.8461538461538461,1.0,39,results_dwa1,dwa,ranking_summary,ranking_summary_n221.csv,ranking_summary_n221.csv,2025-09-17 14:27:16
sentence_transformers_all_distilroberta_v1,B_hybrid_light,10,0.1282051282051282,0.6410256410256411,0.2136752136752137,0.5941245866879173,0.3417684167684167,0.5098290598290598,0.8974358974358975,1.0,39,results_dwa1,dwa,ranking_summary,ranking_summary_n221.csv,ranking_summary_n221.csv,2025-09-17 14:27:16
sentence_transformers_all_distilroberta_v1,C_lex_sem_strong,1,0.3846153846153846,0.1923076923076923,0.2564102564102564,0.3846153846153846,0.3846153846153846,0.5421652421652422,0.3846153846153846,1.0,39,results_dwa1,dwa,ranking_summary,ranking_summary_n221.csv,ranking_summary_n221.csv,2025-09-17 14:27:16
sentence_transformers_all_distilroberta_v1,C_lex_sem_strong,3,0.2393162393162393,0.358974358974359,0.2871794871794872,0.4645918883652638,0.2948717948717949,0.5421652421652422,0.5897435897435898,1.0,39,results_dwa1,dwa,ranking_summary,ranking_summary_n221.csv,ranking_summary_n221.csv,2025-09-17 14:27:16
sentence_transformers_all_distilroberta_v1,C_lex_sem_strong,5,0.1948717948717949,0.4871794871794871,0.2783882783882785,0.5581456989271018,0.3301282051282051,0.5421652421652422,0.7948717948717948,1.0,39,results_dwa1,dwa,ranking_summary,ranking_summary_n221.csv,ranking_summary_n221.csv,2025-09-17 14:27:16
sentence_transformers_all_distilroberta_v1,C_lex_sem_strong,10,0.123076923076923,0.6153846153846154,0.2051282051282051,0.6196685904922768,0.3533068783068783,0.5421652421652422,0.9230769230769232,1.0,39,results_dwa1,dwa,ranking_summary,ranking_summary_n221.csv,ranking_summary_n221.csv,2025-09-17 14:27:16
sentence_transformers_all_distilroberta_v1,D_zfilter,1,0.3333333333333333,0.1666666666666666,0.2222222222222222,0.3333333333333333,0.3333333333333333,0.5199023199023198,0.3333333333333333,1.0,39,results_dwa1,dwa,ranking_summary,ranking_summary_n221.csv,ranking_summary_n221.csv,2025-09-17 14:27:16
sentence_transformers_all_distilroberta_v1,D_zfilter,3,0.2564102564102564,0.3846153846153846,0.3076923076923077,0.4692477933983691,0.2863247863247863,0.5199023199023198,0.6410256410256411,1.0,39,results_dwa1,dwa,ranking_summary,ranking_summary_n221.csv,ranking_summary_n221.csv,2025-09-17 14:27:16
sentence_transformers_all_distilroberta_v1,D_zfilter,5,0.2102564102564102,0.5256410256410257,0.3003663003663005,0.5650462864808237,0.3273504273504273,0.5199023199023198,0.8461538461538461,1.0,39,results_dwa1,dwa,ranking_summary,ranking_summary_n221.csv,ranking_summary_n221.csv,2025-09-17 14:27:16
sentence_transformers_all_distilroberta_v1,D_zfilter,10,0.123076923076923,0.6153846153846154,0.2051282051282051,0.5992298140684389,0.3471611721611721,0.5199023199023198,0.8717948717948718,1.0,39,results_dwa1,dwa,ranking_summary,ranking_summary_n221.csv,ranking_summary_n221.csv,2025-09-17 14:27:16
sentence_transformers_all_distilroberta_v1,E_diversity,1,0.3076923076923077,0.1538461538461538,0.2051282051282051,0.3076923076923077,0.3076923076923077,0.5049450549450548,0.3076923076923077,1.0,39,results_dwa1,dwa,ranking_summary,ranking_summary_n221.csv,ranking_summary_n221.csv,2025-09-17 14:27:16
sentence_transformers_all_distilroberta_v1,E_diversity,3,0.2649572649572649,0.3974358974358974,0.317948717948718,0.4452092459636462,0.2884615384615384,0.5049450549450548,0.6410256410256411,1.0,39,results_dwa1,dwa,ranking_summary,ranking_summary_n221.csv,ranking_summary_n221.csv,2025-09-17 14:27:16
sentence_transformers_all_distilroberta_v1,E_diversity,5,0.1897435897435897,0.4743589743589743,0.2710622710622712,0.5017994697226182,0.3134615384615384,0.5049450549450548,0.7435897435897436,1.0,39,results_dwa1,dwa,ranking_summary,ranking_summary_n221.csv,ranking_summary_n221.csv,2025-09-17 14:27:16
sentence_transformers_all_distilroberta_v1,E_diversity,10,0.1333333333333333,0.6666666666666666,0.2222222222222223,0.5879501619417304,0.3531847781847781,0.5049450549450548,0.8974358974358975,1.0,39,results_dwa1,dwa,ranking_summary,ranking_summary_n221.csv,ranking_summary_n221.csv,2025-09-17 14:27:16
sentence_transformers_all_distilroberta_v1,F_recall_first,1,0.3076923076923077,0.1538461538461538,0.2051282051282051,0.3076923076923077,0.3076923076923077,0.4730667480667481,0.3076923076923077,1.0,39,results_dwa1,dwa,ranking_summary,ranking_summary_n221.csv,ranking_summary_n221.csv,2025-09-17 14:27:16
sentence_transformers_all_distilroberta_v1,F_recall_first,3,0.2051282051282051,0.3076923076923077,0.2461538461538462,0.4020918024690026,0.2329059829059829,0.4730667480667481,0.5384615384615384,1.0,39,results_dwa1,dwa,ranking_summary,ranking_summary_n221.csv,ranking_summary_n221.csv,2025-09-17 14:27:16
sentence_transformers_all_distilroberta_v1,F_recall_first,5,0.1794871794871795,0.4487179487179487,0.2564102564102565,0.5035402764516467,0.2784188034188034,0.4730667480667481,0.717948717948718,1.0,39,results_dwa1,dwa,ranking_summary,ranking_summary_n221.csv,ranking_summary_n221.csv,2025-09-17 14:27:16
sentence_transformers_all_distilroberta_v1,F_recall_first,10,0.1128205128205127,0.5641025641025641,0.1880341880341881,0.5685865935493567,0.296504884004884,0.4730667480667481,0.8974358974358975,1.0,39,results_dwa1,dwa,ranking_summary,ranking_summary_n221.csv,ranking_summary_n221.csv,2025-09-17 14:27:16
sentence_transformers_all_distilroberta_v1,G_mnn_heavy,1,0.3333333333333333,0.1666666666666666,0.2222222222222222,0.3333333333333333,0.3333333333333333,0.5190476190476191,0.3333333333333333,1.0,39,results_dwa1,dwa,ranking_summary,ranking_summary_n221.csv,ranking_summary_n221.csv,2025-09-17 14:27:16
sentence_transformers_all_distilroberta_v1,G_mnn_heavy,3,0.2478632478632479,0.3717948717948718,0.2974358974358975,0.4676453151920661,0.282051282051282,0.5190476190476191,0.6153846153846154,1.0,39,results_dwa1,dwa,ranking_summary,ranking_summary_n221.csv,ranking_summary_n221.csv,2025-09-17 14:27:16
sentence_transformers_all_distilroberta_v1,G_mnn_heavy,5,0.2153846153846153,0.5384615384615384,0.3076923076923078,0.5751730924925473,0.3307692307692307,0.5190476190476191,0.8461538461538461,1.0,39,results_dwa1,dwa,ranking_summary,ranking_summary_n221.csv,ranking_summary_n221.csv,2025-09-17 14:27:16
sentence_transformers_all_distilroberta_v1,G_mnn_heavy,10,0.123076923076923,0.6153846153846154,0.2051282051282051,0.6067952542327223,0.3453500203500203,0.5190476190476191,0.8974358974358975,1.0,39,results_dwa1,dwa,ranking_summary,ranking_summary_n221.csv,ranking_summary_n221.csv,2025-09-17 14:27:16
sentence_transformers_all_distilroberta_v1,H_zfilter,1,0.3076923076923077,0.1538461538461538,0.2051282051282051,0.3076923076923077,0.3076923076923077,0.4895604395604395,0.3076923076923077,1.0,39,results_dwa1,dwa,ranking_summary,ranking_summary_n221.csv,ranking_summary_n221.csv,2025-09-17 14:27:16
sentence_transformers_all_distilroberta_v1,H_zfilter,3,0.2564102564102564,0.3846153846153846,0.3076923076923077,0.4397936314912547,0.2735042735042735,0.4895604395604395,0.6410256410256411,1.0,39,results_dwa1,dwa,ranking_summary,ranking_summary_n221.csv,ranking_summary_n221.csv,2025-09-17 14:27:16
sentence_transformers_all_distilroberta_v1,H_zfilter,5,0.2051282051282051,0.5128205128205128,0.2930402930402931,0.5180297529005836,0.310042735042735,0.4895604395604395,0.8205128205128205,1.0,39,results_dwa1,dwa,ranking_summary,ranking_summary_n221.csv,ranking_summary_n221.csv,2025-09-17 14:27:16
sentence_transformers_all_distilroberta_v1,H_zfilter,10,0.1256410256410256,0.6282051282051282,0.2094017094017094,0.571122359723575,0.3376170126170126,0.4895604395604395,0.8717948717948718,1.0,39,results_dwa1,dwa,ranking_summary,ranking_summary_n221.csv,ranking_summary_n221.csv,2025-09-17 14:27:16
sentence_transformers_all_distilroberta_v1,I_short_skills_bias,1,0.358974358974359,0.1794871794871795,0.2393162393162393,0.358974358974359,0.358974358974359,0.5327228327228327,0.358974358974359,1.0,39,results_dwa1,dwa,ranking_summary,ranking_summary_n221.csv,ranking_summary_n221.csv,2025-09-17 14:27:16
sentence_transformers_all_distilroberta_v1,I_short_skills_bias,3,0.2564102564102564,0.3846153846153846,0.3076923076923077,0.478711133050383,0.2927350427350427,0.5327228327228327,0.6410256410256411,1.0,39,results_dwa1,dwa,ranking_summary,ranking_summary_n221.csv,ranking_summary_n221.csv,2025-09-17 14:27:16
sentence_transformers_all_distilroberta_v1,I_short_skills_bias,5,0.2102564102564102,0.5256410256410257,0.3003663003663005,0.5745096261328376,0.3337606837606837,0.5327228327228327,0.8461538461538461,1.0,39,results_dwa1,dwa,ranking_summary,ranking_summary_n221.csv,ranking_summary_n221.csv,2025-09-17 14:27:16
sentence_transformers_all_distilroberta_v1,I_short_skills_bias,10,0.123076923076923,0.6153846153846154,0.2051282051282051,0.608881266797261,0.3538563288563288,0.5327228327228327,0.8717948717948718,1.0,39,results_dwa1,dwa,ranking_summary,ranking_summary_n221.csv,ranking_summary_n221.csv,2025-09-17 14:27:16
sentence_transformers_all_distilroberta_v1,J_char_heavy,1,0.358974358974359,0.1794871794871795,0.2393162393162393,0.358974358974359,0.358974358974359,0.5323361823361823,0.358974358974359,1.0,39,results_dwa1,dwa,ranking_summary,ranking_summary_n221.csv,ranking_summary_n221.csv,2025-09-17 14:27:16
sentence_transformers_all_distilroberta_v1,J_char_heavy,3,0.2735042735042735,0.4102564102564102,0.3282051282051282,0.5014509486204994,0.3098290598290598,0.5323361823361823,0.6666666666666666,1.0,39,results_dwa1,dwa,ranking_summary,ranking_summary_n221.csv,ranking_summary_n221.csv,2025-09-17 14:27:16
sentence_transformers_all_distilroberta_v1,J_char_heavy,5,0.2,0.5,0.2857142857142858,0.5634341801478303,0.3361111111111111,0.5323361823361823,0.7948717948717948,1.0,39,results_dwa1,dwa,ranking_summary,ranking_summary_n221.csv,ranking_summary_n221.csv,2025-09-17 14:27:16
sentence_transformers_all_distilroberta_v1,J_char_heavy,10,0.123076923076923,0.6153846153846154,0.2051282051282051,0.6121633029644371,0.3603174603174602,0.5323361823361823,0.8717948717948718,1.0,39,results_dwa1,dwa,ranking_summary,ranking_summary_n221.csv,ranking_summary_n221.csv,2025-09-17 14:27:16
sentence_transformers_all_mpnet_base_v2,A_semantic_only,1,0.3333333333333333,0.1666666666666666,0.2222222222222222,0.3333333333333333,0.3333333333333333,0.3820512820512821,0.3333333333333333,1.0,39,results_dwa1,dwa,ranking_summary,ranking_summary_n221.csv,ranking_summary_n221.csv,2025-09-17 14:27:16
sentence_transformers_all_mpnet_base_v2,A_semantic_only,3,0.1282051282051282,0.1923076923076923,0.1538461538461538,0.3242567993507462,0.1794871794871795,0.3820512820512821,0.358974358974359,1.0,39,results_dwa1,dwa,ranking_summary,ranking_summary_n221.csv,ranking_summary_n221.csv,2025-09-17 14:27:16
sentence_transformers_all_mpnet_base_v2,A_semantic_only,5,0.0923076923076923,0.2307692307692307,0.1318681318681319,0.3463400873705702,0.1871794871794871,0.3820512820512821,0.4358974358974359,1.0,39,results_dwa1,dwa,ranking_summary,ranking_summary_n221.csv,ranking_summary_n221.csv,2025-09-17 14:27:16
sentence_transformers_all_mpnet_base_v2,A_semantic_only,10,0.0769230769230769,0.3846153846153846,0.1282051282051282,0.431040022646828,0.2143772893772893,0.3820512820512821,0.6410256410256411,1.0,39,results_dwa1,dwa,ranking_summary,ranking_summary_n221.csv,ranking_summary_n221.csv,2025-09-17 14:27:16
sentence_transformers_all_mpnet_base_v2,B_hybrid_light,1,0.358974358974359,0.1794871794871795,0.2393162393162393,0.358974358974359,0.358974358974359,0.5254578754578754,0.358974358974359,1.0,39,results_dwa1,dwa,ranking_summary,ranking_summary_n221.csv,ranking_summary_n221.csv,2025-09-17 14:27:16
sentence_transformers_all_mpnet_base_v2,B_hybrid_light,3,0.2564102564102564,0.3846153846153846,0.3076923076923077,0.4766526917464903,0.2884615384615384,0.5254578754578754,0.6666666666666666,1.0,39,results_dwa1,dwa,ranking_summary,ranking_summary_n221.csv,ranking_summary_n221.csv,2025-09-17 14:27:16
sentence_transformers_all_mpnet_base_v2,B_hybrid_light,5,0.2,0.5,0.2857142857142858,0.5496762226250967,0.3211538461538462,0.5254578754578754,0.8205128205128205,1.0,39,results_dwa1,dwa,ranking_summary,ranking_summary_n221.csv,ranking_summary_n221.csv,2025-09-17 14:27:16
sentence_transformers_all_mpnet_base_v2,B_hybrid_light,10,0.123076923076923,0.6153846153846154,0.2051282051282051,0.5988744299611758,0.3481888481888481,0.5254578754578754,0.8717948717948718,1.0,39,results_dwa1,dwa,ranking_summary,ranking_summary_n221.csv,ranking_summary_n221.csv,2025-09-17 14:27:16
sentence_transformers_all_mpnet_base_v2,C_lex_sem_strong,1,0.3846153846153846,0.1923076923076923,0.2564102564102564,0.3846153846153846,0.3846153846153846,0.5257733007733008,0.3846153846153846,1.0,39,results_dwa1,dwa,ranking_summary,ranking_summary_n221.csv,ranking_summary_n221.csv,2025-09-17 14:27:16
sentence_transformers_all_mpnet_base_v2,C_lex_sem_strong,3,0.2222222222222222,0.3333333333333333,0.2666666666666667,0.4452092459636463,0.282051282051282,0.5257733007733008,0.5641025641025641,1.0,39,results_dwa1,dwa,ranking_summary,ranking_summary_n221.csv,ranking_summary_n221.csv,2025-09-17 14:27:16
sentence_transformers_all_mpnet_base_v2,C_lex_sem_strong,5,0.1846153846153846,0.4615384615384615,0.2637362637362638,0.5277173785396624,0.3185897435897435,0.5257733007733008,0.7435897435897436,1.0,39,results_dwa1,dwa,ranking_summary,ranking_summary_n221.csv,ranking_summary_n221.csv,2025-09-17 14:27:16
sentence_transformers_all_mpnet_base_v2,C_lex_sem_strong,10,0.123076923076923,0.6153846153846154,0.2051282051282051,0.60136023567574,0.3462810337810338,0.5257733007733008,0.8974358974358975,1.0,39,results_dwa1,dwa,ranking_summary,ranking_summary_n221.csv,ranking_summary_n221.csv,2025-09-17 14:27:16
sentence_transformers_all_mpnet_base_v2,D_zfilter,1,0.358974358974359,0.1794871794871795,0.2393162393162393,0.358974358974359,0.358974358974359,0.5254578754578755,0.358974358974359,1.0,39,results_dwa1,dwa,ranking_summary,ranking_summary_n221.csv,ranking_summary_n221.csv,2025-09-17 14:27:16
sentence_transformers_all_mpnet_base_v2,D_zfilter,3,0.2478632478632478,0.3717948717948718,0.2974358974358975,0.4791670961479727,0.2948717948717949,0.5254578754578755,0.6153846153846154,1.0,39,results_dwa1,dwa,ranking_summary,ranking_summary_n221.csv,ranking_summary_n221.csv,2025-09-17 14:27:16
sentence_transformers_all_mpnet_base_v2,D_zfilter,5,0.1948717948717948,0.4871794871794871,0.2783882783882785,0.550420271512339,0.3275641025641025,0.5254578754578755,0.7948717948717948,1.0,39,results_dwa1,dwa,ranking_summary,ranking_summary_n221.csv,ranking_summary_n221.csv,2025-09-17 14:27:16
sentence_transformers_all_mpnet_base_v2,D_zfilter,10,0.1256410256410256,0.6282051282051282,0.2094017094017093,0.6108549589232826,0.3567053317053317,0.5254578754578755,0.8974358974358975,1.0,39,results_dwa1,dwa,ranking_summary,ranking_summary_n221.csv,ranking_summary_n221.csv,2025-09-17 14:27:16
sentence_transformers_all_mpnet_base_v2,E_diversity,1,0.358974358974359,0.1794871794871795,0.2393162393162393,0.358974358974359,0.358974358974359,0.5453296703296703,0.358974358974359,1.0,39,results_dwa1,dwa,ranking_summary,ranking_summary_n221.csv,ranking_summary_n221.csv,2025-09-17 14:27:16
sentence_transformers_all_mpnet_base_v2,E_diversity,3,0.2905982905982905,0.4358974358974359,0.3487179487179487,0.5131249463322991,0.329059829059829,0.5453296703296703,0.717948717948718,1.0,39,results_dwa1,dwa,ranking_summary,ranking_summary_n221.csv,ranking_summary_n221.csv,2025-09-17 14:27:16
sentence_transformers_all_mpnet_base_v2,E_diversity,5,0.2051282051282051,0.5128205128205128,0.2930402930402931,0.5566448527766518,0.3585470085470085,0.5453296703296703,0.7692307692307693,1.0,39,results_dwa1,dwa,ranking_summary,ranking_summary_n221.csv,ranking_summary_n221.csv,2025-09-17 14:27:16
sentence_transformers_all_mpnet_base_v2,E_diversity,10,0.123076923076923,0.6153846153846154,0.2051282051282051,0.6089999653934238,0.3831654456654457,0.5453296703296703,0.8461538461538461,1.0,39,results_dwa1,dwa,ranking_summary,ranking_summary_n221.csv,ranking_summary_n221.csv,2025-09-17 14:27:16
sentence_transformers_all_mpnet_base_v2,F_recall_first,1,0.358974358974359,0.1794871794871795,0.2393162393162393,0.358974358974359,0.358974358974359,0.5040903540903541,0.358974358974359,1.0,39,results_dwa1,dwa,ranking_summary,ranking_summary_n221.csv,ranking_summary_n221.csv,2025-09-17 14:27:16
sentence_transformers_all_mpnet_base_v2,F_recall_first,3,0.2051282051282051,0.3076923076923077,0.2461538461538462,0.4162110471541217,0.2564102564102564,0.5040903540903541,0.5384615384615384,1.0,39,results_dwa1,dwa,ranking_summary,ranking_summary_n221.csv,ranking_summary_n221.csv,2025-09-17 14:27:16
sentence_transformers_all_mpnet_base_v2,F_recall_first,5,0.1794871794871795,0.4487179487179487,0.2564102564102565,0.514288463379931,0.2935897435897435,0.5040903540903541,0.7692307692307693,1.0,39,results_dwa1,dwa,ranking_summary,ranking_summary_n221.csv,ranking_summary_n221.csv,2025-09-17 14:27:16
sentence_transformers_all_mpnet_base_v2,F_recall_first,10,0.1153846153846153,0.5769230769230769,0.1923076923076923,0.5801284536647854,0.3177859177859177,0.5040903540903541,0.8974358974358975,1.0,39,results_dwa1,dwa,ranking_summary,ranking_summary_n221.csv,ranking_summary_n221.csv,2025-09-17 14:27:16
sentence_transformers_all_mpnet_base_v2,G_mnn_heavy,1,0.358974358974359,0.1794871794871795,0.2393162393162393,0.358974358974359,0.358974358974359,0.5232905982905982,0.358974358974359,1.0,39,results_dwa1,dwa,ranking_summary,ranking_summary_n221.csv,ranking_summary_n221.csv,2025-09-17 14:27:16
sentence_transformers_all_mpnet_base_v2,G_mnn_heavy,3,0.2649572649572649,0.3974358974358974,0.317948717948718,0.4865719944960939,0.3012820512820512,0.5232905982905982,0.6666666666666666,1.0,39,results_dwa1,dwa,ranking_summary,ranking_summary_n221.csv,ranking_summary_n221.csv,2025-09-17 14:27:16
sentence_transformers_all_mpnet_base_v2,G_mnn_heavy,5,0.2,0.5,0.2857142857142858,0.5542025176063413,0.3301282051282051,0.5232905982905982,0.8205128205128205,1.0,39,results_dwa1,dwa,ranking_summary,ranking_summary_n221.csv,ranking_summary_n221.csv,2025-09-17 14:27:16
sentence_transformers_all_mpnet_base_v2,G_mnn_heavy,10,0.1205128205128205,0.6025641025641025,0.2008547008547009,0.5999287673064422,0.3530575905575905,0.5232905982905982,0.8717948717948718,1.0,39,results_dwa1,dwa,ranking_summary,ranking_summary_n221.csv,ranking_summary_n221.csv,2025-09-17 14:27:16
sentence_transformers_all_mpnet_base_v2,H_zfilter,1,0.358974358974359,0.1794871794871795,0.2393162393162393,0.358974358974359,0.358974358974359,0.5403846153846154,0.358974358974359,1.0,39,results_dwa1,dwa,ranking_summary,ranking_summary_n221.csv,ranking_summary_n221.csv,2025-09-17 14:27:16
sentence_transformers_all_mpnet_base_v2,H_zfilter,3,0.2735042735042735,0.4102564102564102,0.3282051282051282,0.5061068536536046,0.3034188034188034,0.5403846153846154,0.717948717948718,1.0,39,results_dwa1,dwa,ranking_summary,ranking_summary_n221.csv,ranking_summary_n221.csv,2025-09-17 14:27:16
sentence_transformers_all_mpnet_base_v2,H_zfilter,5,0.1948717948717948,0.4871794871794871,0.2783882783882785,0.5563581116456358,0.3277777777777778,0.5403846153846154,0.7948717948717948,1.0,39,results_dwa1,dwa,ranking_summary,ranking_summary_n221.csv,ranking_summary_n221.csv,2025-09-17 14:27:16
sentence_transformers_all_mpnet_base_v2,H_zfilter,10,0.1179487179487179,0.5897435897435898,0.1965811965811966,0.6063429035724466,0.3502085877085877,0.5403846153846154,0.8717948717948718,1.0,39,results_dwa1,dwa,ranking_summary,ranking_summary_n221.csv,ranking_summary_n221.csv,2025-09-17 14:27:16
sentence_transformers_all_mpnet_base_v2,I_short_skills_bias,1,0.358974358974359,0.1794871794871795,0.2393162393162393,0.358974358974359,0.358974358974359,0.5278388278388279,0.358974358974359,1.0,39,results_dwa1,dwa,ranking_summary,ranking_summary_n221.csv,ranking_summary_n221.csv,2025-09-17 14:27:16
sentence_transformers_all_mpnet_base_v2,I_short_skills_bias,3,0.2393162393162393,0.358974358974359,0.2871794871794872,0.4600882000880517,0.2905982905982905,0.5278388278388279,0.5897435897435898,1.0,39,results_dwa1,dwa,ranking_summary,ranking_summary_n221.csv,ranking_summary_n221.csv,2025-09-17 14:27:16
sentence_transformers_all_mpnet_base_v2,I_short_skills_bias,5,0.2,0.5,0.2857142857142858,0.5484663567560767,0.329059829059829,0.5278388278388279,0.8205128205128205,1.0,39,results_dwa1,dwa,ranking_summary,ranking_summary_n221.csv,ranking_summary_n221.csv,2025-09-17 14:27:16
sentence_transformers_all_mpnet_base_v2,I_short_skills_bias,10,0.1282051282051282,0.6410256410256411,0.2136752136752137,0.6151003145548793,0.3577940577940578,0.5278388278388279,0.9230769230769232,1.0,39,results_dwa1,dwa,ranking_summary,ranking_summary_n221.csv,ranking_summary_n221.csv,2025-09-17 14:27:16
sentence_transformers_all_mpnet_base_v2,J_char_heavy,1,0.358974358974359,0.1794871794871795,0.2393162393162393,0.358974358974359,0.358974358974359,0.5088319088319089,0.358974358974359,1.0,39,results_dwa1,dwa,ranking_summary,ranking_summary_n221.csv,ranking_summary_n221.csv,2025-09-17 14:27:16
sentence_transformers_all_mpnet_base_v2,J_char_heavy,3,0.2307692307692307,0.3461538461538461,0.2769230769230769,0.4389508627242382,0.2841880341880342,0.5088319088319089,0.5641025641025641,1.0,39,results_dwa1,dwa,ranking_summary,ranking_summary_n221.csv,ranking_summary_n221.csv,2025-09-17 14:27:16
sentence_transformers_all_mpnet_base_v2,J_char_heavy,5,0.1897435897435897,0.4743589743589743,0.2710622710622711,0.519434355971457,0.3188034188034188,0.5088319088319089,0.7692307692307693,1.0,39,results_dwa1,dwa,ranking_summary,ranking_summary_n221.csv,ranking_summary_n221.csv,2025-09-17 14:27:16
sentence_transformers_all_mpnet_base_v2,J_char_heavy,10,0.1282051282051282,0.6410256410256411,0.2136752136752137,0.5899070322691984,0.3539072039072039,0.5088319088319089,0.8717948717948718,1.0,39,results_dwa1,dwa,ranking_summary,ranking_summary_n221.csv,ranking_summary_n221.csv,2025-09-17 14:27:16
sentence_transformers_distiluse_base_multilingual_cased_v2,A_semantic_only,1,0.2307692307692307,0.1153846153846153,0.1538461538461538,0.2307692307692307,0.2307692307692307,0.317104192104192,0.2307692307692307,1.0,39,results_dwa1,dwa,ranking_summary,ranking_summary_n221.csv,ranking_summary_n221.csv,2025-09-17 14:27:16
sentence_transformers_distiluse_base_multilingual_cased_v2,A_semantic_only,3,0.1282051282051282,0.1923076923076923,0.1538461538461538,0.2428300341504572,0.1666666666666666,0.317104192104192,0.3076923076923077,1.0,39,results_dwa1,dwa,ranking_summary,ranking_summary_n221.csv,ranking_summary_n221.csv,2025-09-17 14:27:16
sentence_transformers_distiluse_base_multilingual_cased_v2,A_semantic_only,5,0.0974358974358974,0.2435897435897435,0.1391941391941392,0.2734969704578385,0.1846153846153846,0.317104192104192,0.358974358974359,1.0,39,results_dwa1,dwa,ranking_summary,ranking_summary_n221.csv,ranking_summary_n221.csv,2025-09-17 14:27:16
sentence_transformers_distiluse_base_multilingual_cased_v2,A_semantic_only,10,0.0871794871794872,0.4358974358974359,0.1452991452991453,0.3824284527422155,0.2162037037037036,0.317104192104192,0.6410256410256411,1.0,39,results_dwa1,dwa,ranking_summary,ranking_summary_n221.csv,ranking_summary_n221.csv,2025-09-17 14:27:16
sentence_transformers_distiluse_base_multilingual_cased_v2,B_hybrid_light,1,0.2051282051282051,0.1025641025641025,0.1367521367521367,0.2051282051282051,0.2051282051282051,0.4173382173382173,0.2051282051282051,1.0,39,results_dwa1,dwa,ranking_summary,ranking_summary_n221.csv,ranking_summary_n221.csv,2025-09-17 14:27:16
sentence_transformers_distiluse_base_multilingual_cased_v2,B_hybrid_light,3,0.2051282051282051,0.3076923076923077,0.2461538461538462,0.3289818618120143,0.22008547008547,0.4173382173382173,0.4871794871794871,1.0,39,results_dwa1,dwa,ranking_summary,ranking_summary_n221.csv,ranking_summary_n221.csv,2025-09-17 14:27:16
sentence_transformers_distiluse_base_multilingual_cased_v2,B_hybrid_light,5,0.1948717948717948,0.4871794871794871,0.2783882783882785,0.4563509339289757,0.2694444444444444,0.4173382173382173,0.7692307692307693,1.0,39,results_dwa1,dwa,ranking_summary,ranking_summary_n221.csv,ranking_summary_n221.csv,2025-09-17 14:27:16
sentence_transformers_distiluse_base_multilingual_cased_v2,B_hybrid_light,10,0.1256410256410256,0.6282051282051282,0.2094017094017094,0.5185037400486581,0.2991452991452992,0.4173382173382173,0.8717948717948718,1.0,39,results_dwa1,dwa,ranking_summary,ranking_summary_n221.csv,ranking_summary_n221.csv,2025-09-17 14:27:16
sentence_transformers_distiluse_base_multilingual_cased_v2,C_lex_sem_strong,1,0.282051282051282,0.141025641025641,0.188034188034188,0.282051282051282,0.282051282051282,0.4354497354497354,0.282051282051282,1.0,39,results_dwa1,dwa,ranking_summary,ranking_summary_n221.csv,ranking_summary_n221.csv,2025-09-17 14:27:16
sentence_transformers_distiluse_base_multilingual_cased_v2,C_lex_sem_strong,3,0.188034188034188,0.282051282051282,0.2256410256410256,0.3226543211444433,0.2222222222222222,0.4354497354497354,0.4615384615384615,1.0,39,results_dwa1,dwa,ranking_summary,ranking_summary_n221.csv,ranking_summary_n221.csv,2025-09-17 14:27:16
sentence_transformers_distiluse_base_multilingual_cased_v2,C_lex_sem_strong,5,0.1692307692307692,0.4230769230769231,0.2417582417582418,0.417329128307953,0.2645299145299145,0.4354497354497354,0.6410256410256411,1.0,39,results_dwa1,dwa,ranking_summary,ranking_summary_n221.csv,ranking_summary_n221.csv,2025-09-17 14:27:16
sentence_transformers_distiluse_base_multilingual_cased_v2,C_lex_sem_strong,10,0.1307692307692307,0.6538461538461539,0.2179487179487179,0.5276971415391037,0.3084249084249084,0.4354497354497354,0.8974358974358975,1.0,39,results_dwa1,dwa,ranking_summary,ranking_summary_n221.csv,ranking_summary_n221.csv,2025-09-17 14:27:16
sentence_transformers_distiluse_base_multilingual_cased_v2,D_zfilter,1,0.2564102564102564,0.1282051282051282,0.1709401709401709,0.2564102564102564,0.2564102564102564,0.4438339438339438,0.2564102564102564,1.0,39,results_dwa1,dwa,ranking_summary,ranking_summary_n221.csv,ranking_summary_n221.csv,2025-09-17 14:27:16
sentence_transformers_distiluse_base_multilingual_cased_v2,D_zfilter,3,0.2222222222222222,0.3333333333333333,0.2666666666666666,0.3669874371759631,0.25,0.4438339438339438,0.5128205128205128,1.0,39,results_dwa1,dwa,ranking_summary,ranking_summary_n221.csv,ranking_summary_n221.csv,2025-09-17 14:27:16
sentence_transformers_distiluse_base_multilingual_cased_v2,D_zfilter,5,0.1897435897435897,0.4743589743589743,0.2710622710622711,0.468435911158607,0.2891025641025641,0.4438339438339438,0.7435897435897436,1.0,39,results_dwa1,dwa,ranking_summary,ranking_summary_n221.csv,ranking_summary_n221.csv,2025-09-17 14:27:16
sentence_transformers_distiluse_base_multilingual_cased_v2,D_zfilter,10,0.1256410256410256,0.6282051282051282,0.2094017094017094,0.5389079817596422,0.3215913715913716,0.4438339438339438,0.8717948717948718,1.0,39,results_dwa1,dwa,ranking_summary,ranking_summary_n221.csv,ranking_summary_n221.csv,2025-09-17 14:27:16
sentence_transformers_distiluse_base_multilingual_cased_v2,E_diversity,1,0.2051282051282051,0.1025641025641025,0.1367521367521367,0.2051282051282051,0.2051282051282051,0.4248778998778999,0.2051282051282051,1.0,39,results_dwa1,dwa,ranking_summary,ranking_summary_n221.csv,ranking_summary_n221.csv,2025-09-17 14:27:16
sentence_transformers_distiluse_base_multilingual_cased_v2,E_diversity,3,0.2222222222222222,0.3333333333333333,0.2666666666666666,0.3600385019254316,0.2307692307692307,0.4248778998778999,0.5641025641025641,1.0,39,results_dwa1,dwa,ranking_summary,ranking_summary_n221.csv,ranking_summary_n221.csv,2025-09-17 14:27:16
sentence_transformers_distiluse_base_multilingual_cased_v2,E_diversity,5,0.1897435897435897,0.4743589743589743,0.2710622710622711,0.4441446474267693,0.2814102564102564,0.4248778998778999,0.6923076923076923,1.0,39,results_dwa1,dwa,ranking_summary,ranking_summary_n221.csv,ranking_summary_n221.csv,2025-09-17 14:27:16
sentence_transformers_distiluse_base_multilingual_cased_v2,E_diversity,10,0.1282051282051282,0.6410256410256411,0.2136752136752137,0.5328694016361257,0.312510175010175,0.4248778998778999,0.8974358974358975,1.0,39,results_dwa1,dwa,ranking_summary,ranking_summary_n221.csv,ranking_summary_n221.csv,2025-09-17 14:27:16
sentence_transformers_distiluse_base_multilingual_cased_v2,F_recall_first,1,0.2051282051282051,0.1025641025641025,0.1367521367521367,0.2051282051282051,0.2051282051282051,0.4089234839234839,0.2051282051282051,1.0,39,results_dwa1,dwa,ranking_summary,ranking_summary_n221.csv,ranking_summary_n221.csv,2025-09-17 14:27:16
sentence_transformers_distiluse_base_multilingual_cased_v2,F_recall_first,3,0.2051282051282051,0.3076923076923077,0.2461538461538462,0.3298246305790309,0.2051282051282051,0.4089234839234839,0.5384615384615384,1.0,39,results_dwa1,dwa,ranking_summary,ranking_summary_n221.csv,ranking_summary_n221.csv,2025-09-17 14:27:16
sentence_transformers_distiluse_base_multilingual_cased_v2,F_recall_first,5,0.1692307692307692,0.4230769230769231,0.2417582417582418,0.4123354524723202,0.2403846153846154,0.4089234839234839,0.6923076923076923,1.0,39,results_dwa1,dwa,ranking_summary,ranking_summary_n221.csv,ranking_summary_n221.csv,2025-09-17 14:27:16
sentence_transformers_distiluse_base_multilingual_cased_v2,F_recall_first,10,0.1256410256410256,0.6282051282051282,0.2094017094017094,0.5061533361107052,0.2825854700854701,0.4089234839234839,0.8717948717948718,1.0,39,results_dwa1,dwa,ranking_summary,ranking_summary_n221.csv,ranking_summary_n221.csv,2025-09-17 14:27:16
sentence_transformers_distiluse_base_multilingual_cased_v2,G_mnn_heavy,1,0.2307692307692307,0.1153846153846153,0.1538461538461538,0.2307692307692307,0.2307692307692307,0.4286630036630036,0.2307692307692307,1.0,39,results_dwa1,dwa,ranking_summary,ranking_summary_n221.csv,ranking_summary_n221.csv,2025-09-17 14:27:16
sentence_transformers_distiluse_base_multilingual_cased_v2,G_mnn_heavy,3,0.2051282051282051,0.3076923076923077,0.2461538461538462,0.3426451433995437,0.2179487179487179,0.4286630036630036,0.5128205128205128,1.0,39,results_dwa1,dwa,ranking_summary,ranking_summary_n221.csv,ranking_summary_n221.csv,2025-09-17 14:27:16
sentence_transformers_distiluse_base_multilingual_cased_v2,G_mnn_heavy,5,0.1846153846153846,0.4615384615384615,0.2637362637362638,0.4447799129316658,0.2647435897435897,0.4286630036630036,0.717948717948718,1.0,39,results_dwa1,dwa,ranking_summary,ranking_summary_n221.csv,ranking_summary_n221.csv,2025-09-17 14:27:16
sentence_transformers_distiluse_base_multilingual_cased_v2,G_mnn_heavy,10,0.123076923076923,0.6153846153846154,0.2051282051282051,0.5238820951076432,0.2970848595848596,0.4286630036630036,0.8717948717948718,1.0,39,results_dwa1,dwa,ranking_summary,ranking_summary_n221.csv,ranking_summary_n221.csv,2025-09-17 14:27:16
sentence_transformers_distiluse_base_multilingual_cased_v2,H_zfilter,1,0.2307692307692307,0.1153846153846153,0.1538461538461538,0.2307692307692307,0.2307692307692307,0.4517399267399267,0.2307692307692307,1.0,39,results_dwa1,dwa,ranking_summary,ranking_summary_n221.csv,ranking_summary_n221.csv,2025-09-17 14:27:16
sentence_transformers_distiluse_base_multilingual_cased_v2,H_zfilter,3,0.2393162393162393,0.358974358974359,0.2871794871794872,0.3828613768232782,0.2478632478632478,0.4517399267399267,0.5897435897435898,1.0,39,results_dwa1,dwa,ranking_summary,ranking_summary_n221.csv,ranking_summary_n221.csv,2025-09-17 14:27:16
sentence_transformers_distiluse_base_multilingual_cased_v2,H_zfilter,5,0.1897435897435897,0.4743589743589743,0.2710622710622711,0.452047597587391,0.2831196581196581,0.4517399267399267,0.717948717948718,1.0,39,results_dwa1,dwa,ranking_summary,ranking_summary_n221.csv,ranking_summary_n221.csv,2025-09-17 14:27:16
sentence_transformers_distiluse_base_multilingual_cased_v2,H_zfilter,10,0.1307692307692307,0.6538461538461539,0.217948717948718,0.551696171289142,0.3200498575498576,0.4517399267399267,0.9230769230769232,1.0,39,results_dwa1,dwa,ranking_summary,ranking_summary_n221.csv,ranking_summary_n221.csv,2025-09-17 14:27:16
sentence_transformers_distiluse_base_multilingual_cased_v2,I_short_skills_bias,1,0.2564102564102564,0.1282051282051282,0.1709401709401709,0.2564102564102564,0.2564102564102564,0.4471102971102972,0.2564102564102564,1.0,39,results_dwa1,dwa,ranking_summary,ranking_summary_n221.csv,ranking_summary_n221.csv,2025-09-17 14:27:16
sentence_transformers_distiluse_base_multilingual_cased_v2,I_short_skills_bias,3,0.2222222222222222,0.3333333333333333,0.2666666666666666,0.370344610344462,0.2521367521367521,0.4471102971102972,0.5128205128205128,1.0,39,results_dwa1,dwa,ranking_summary,ranking_summary_n221.csv,ranking_summary_n221.csv,2025-09-17 14:27:16
sentence_transformers_distiluse_base_multilingual_cased_v2,I_short_skills_bias,5,0.1897435897435897,0.4743589743589743,0.2710622710622711,0.4668320882936677,0.2905982905982906,0.4471102971102972,0.7435897435897436,1.0,39,results_dwa1,dwa,ranking_summary,ranking_summary_n221.csv,ranking_summary_n221.csv,2025-09-17 14:27:16
sentence_transformers_distiluse_base_multilingual_cased_v2,I_short_skills_bias,10,0.1282051282051282,0.6410256410256411,0.2136752136752136,0.5419286140047652,0.3254375254375254,0.4471102971102972,0.8717948717948718,1.0,39,results_dwa1,dwa,ranking_summary,ranking_summary_n221.csv,ranking_summary_n221.csv,2025-09-17 14:27:16
sentence_transformers_distiluse_base_multilingual_cased_v2,J_char_heavy,1,0.282051282051282,0.141025641025641,0.188034188034188,0.282051282051282,0.282051282051282,0.4538766788766789,0.282051282051282,1.0,39,results_dwa1,dwa,ranking_summary,ranking_summary_n221.csv,ranking_summary_n221.csv,2025-09-17 14:27:16
sentence_transformers_distiluse_base_multilingual_cased_v2,J_char_heavy,3,0.2136752136752137,0.3205128205128205,0.2564102564102564,0.3628705545681778,0.2435897435897435,0.4538766788766789,0.5128205128205128,1.0,39,results_dwa1,dwa,ranking_summary,ranking_summary_n221.csv,ranking_summary_n221.csv,2025-09-17 14:27:16
sentence_transformers_distiluse_base_multilingual_cased_v2,J_char_heavy,5,0.1897435897435897,0.4743589743589743,0.2710622710622711,0.4636273543667977,0.2858974358974358,0.4538766788766789,0.7435897435897436,1.0,39,results_dwa1,dwa,ranking_summary,ranking_summary_n221.csv,ranking_summary_n221.csv,2025-09-17 14:27:16
sentence_transformers_distiluse_base_multilingual_cased_v2,J_char_heavy,10,0.1282051282051282,0.6410256410256411,0.2136752136752136,0.5390467012097665,0.320487382987383,0.4538766788766789,0.8717948717948718,1.0,39,results_dwa1,dwa,ranking_summary,ranking_summary_n221.csv,ranking_summary_n221.csv,2025-09-17 14:27:16
sentence_transformers_paraphrase_MiniLM_L3_v2,A_semantic_only,1,0.2307692307692307,0.1153846153846153,0.1538461538461538,0.2307692307692307,0.2307692307692307,0.3204517704517704,0.2307692307692307,1.0,39,results_dwa1,dwa,ranking_summary,ranking_summary_n221.csv,ranking_summary_n221.csv,2025-09-17 14:27:16
sentence_transformers_paraphrase_MiniLM_L3_v2,A_semantic_only,3,0.1025641025641025,0.1538461538461538,0.1230769230769231,0.2432859972480469,0.141025641025641,0.3204517704517704,0.282051282051282,1.0,39,results_dwa1,dwa,ranking_summary,ranking_summary_n221.csv,ranking_summary_n221.csv,2025-09-17 14:27:16
sentence_transformers_paraphrase_MiniLM_L3_v2,A_semantic_only,5,0.0871794871794871,0.2179487179487179,0.1245421245421245,0.2863315766860231,0.157051282051282,0.3204517704517704,0.3846153846153846,1.0,39,results_dwa1,dwa,ranking_summary,ranking_summary_n221.csv,ranking_summary_n221.csv,2025-09-17 14:27:16
sentence_transformers_paraphrase_MiniLM_L3_v2,A_semantic_only,10,0.082051282051282,0.4102564102564102,0.1367521367521368,0.3981913023628683,0.1875763125763125,0.3204517704517704,0.6923076923076923,1.0,39,results_dwa1,dwa,ranking_summary,ranking_summary_n221.csv,ranking_summary_n221.csv,2025-09-17 14:27:16
sentence_transformers_paraphrase_MiniLM_L3_v2,B_hybrid_light,1,0.282051282051282,0.141025641025641,0.188034188034188,0.282051282051282,0.282051282051282,0.4463471713471713,0.282051282051282,1.0,39,results_dwa1,dwa,ranking_summary,ranking_summary_n221.csv,ranking_summary_n221.csv,2025-09-17 14:27:16
sentence_transformers_paraphrase_MiniLM_L3_v2,B_hybrid_light,3,0.188034188034188,0.282051282051282,0.2256410256410257,0.3401307389980613,0.2222222222222222,0.4463471713471713,0.4615384615384615,1.0,39,results_dwa1,dwa,ranking_summary,ranking_summary_n221.csv,ranking_summary_n221.csv,2025-09-17 14:27:16
sentence_transformers_paraphrase_MiniLM_L3_v2,B_hybrid_light,5,0.1692307692307692,0.4230769230769231,0.2417582417582419,0.4397665421950094,0.2542735042735042,0.4463471713471713,0.7435897435897436,1.0,39,results_dwa1,dwa,ranking_summary,ranking_summary_n221.csv,ranking_summary_n221.csv,2025-09-17 14:27:16
sentence_transformers_paraphrase_MiniLM_L3_v2,B_hybrid_light,10,0.1282051282051282,0.6410256410256411,0.2136752136752137,0.5446650643283962,0.3000152625152624,0.4463471713471713,0.9230769230769232,1.0,39,results_dwa1,dwa,ranking_summary,ranking_summary_n221.csv,ranking_summary_n221.csv,2025-09-17 14:27:16
sentence_transformers_paraphrase_MiniLM_L3_v2,C_lex_sem_strong,1,0.3076923076923077,0.1538461538461538,0.2051282051282051,0.3076923076923077,0.3076923076923077,0.4618844118844119,0.3076923076923077,1.0,39,results_dwa1,dwa,ranking_summary,ranking_summary_n221.csv,ranking_summary_n221.csv,2025-09-17 14:27:16
sentence_transformers_paraphrase_MiniLM_L3_v2,C_lex_sem_strong,3,0.1965811965811965,0.2948717948717949,0.2358974358974359,0.3984308829588071,0.2264957264957264,0.4618844118844119,0.5128205128205128,1.0,39,results_dwa1,dwa,ranking_summary,ranking_summary_n221.csv,ranking_summary_n221.csv,2025-09-17 14:27:16
sentence_transformers_paraphrase_MiniLM_L3_v2,C_lex_sem_strong,5,0.1538461538461538,0.3846153846153846,0.2197802197802198,0.4599794134339441,0.247008547008547,0.4618844118844119,0.6923076923076923,1.0,39,results_dwa1,dwa,ranking_summary,ranking_summary_n221.csv,ranking_summary_n221.csv,2025-09-17 14:27:16
sentence_transformers_paraphrase_MiniLM_L3_v2,C_lex_sem_strong,10,0.1128205128205127,0.5641025641025641,0.1880341880341881,0.5579672418452938,0.2827533577533578,0.4618844118844119,0.8974358974358975,1.0,39,results_dwa1,dwa,ranking_summary,ranking_summary_n221.csv,ranking_summary_n221.csv,2025-09-17 14:27:16
sentence_transformers_paraphrase_MiniLM_L3_v2,D_zfilter,1,0.282051282051282,0.141025641025641,0.188034188034188,0.282051282051282,0.282051282051282,0.4425010175010175,0.282051282051282,1.0,39,results_dwa1,dwa,ranking_summary,ranking_summary_n221.csv,ranking_summary_n221.csv,2025-09-17 14:27:16
sentence_transformers_paraphrase_MiniLM_L3_v2,D_zfilter,3,0.1880341880341879,0.282051282051282,0.2256410256410256,0.3351710876232596,0.2222222222222222,0.4425010175010175,0.4615384615384615,1.0,39,results_dwa1,dwa,ranking_summary,ranking_summary_n221.csv,ranking_summary_n221.csv,2025-09-17 14:27:16
sentence_transformers_paraphrase_MiniLM_L3_v2,D_zfilter,5,0.1692307692307692,0.4230769230769231,0.2417582417582418,0.4379552160679499,0.2536324786324785,0.4425010175010175,0.7435897435897436,1.0,39,results_dwa1,dwa,ranking_summary,ranking_summary_n221.csv,ranking_summary_n221.csv,2025-09-17 14:27:16
sentence_transformers_paraphrase_MiniLM_L3_v2,D_zfilter,10,0.1256410256410256,0.6282051282051282,0.2094017094017094,0.5356687607787679,0.2984483109483108,0.4425010175010175,0.8974358974358975,1.0,39,results_dwa1,dwa,ranking_summary,ranking_summary_n221.csv,ranking_summary_n221.csv,2025-09-17 14:27:16
sentence_transformers_paraphrase_MiniLM_L3_v2,E_diversity,1,0.282051282051282,0.141025641025641,0.188034188034188,0.282051282051282,0.282051282051282,0.432000407000407,0.282051282051282,1.0,39,results_dwa1,dwa,ranking_summary,ranking_summary_n221.csv,ranking_summary_n221.csv,2025-09-17 14:27:16
sentence_transformers_paraphrase_MiniLM_L3_v2,E_diversity,3,0.1965811965811965,0.2948717948717949,0.2358974358974359,0.3495940786500753,0.2243589743589743,0.432000407000407,0.4871794871794871,1.0,39,results_dwa1,dwa,ranking_summary,ranking_summary_n221.csv,ranking_summary_n221.csv,2025-09-17 14:27:16
sentence_transformers_paraphrase_MiniLM_L3_v2,E_diversity,5,0.158974358974359,0.3974358974358974,0.2271062271062272,0.4104932502126441,0.2519230769230768,0.432000407000407,0.6666666666666666,1.0,39,results_dwa1,dwa,ranking_summary,ranking_summary_n221.csv,ranking_summary_n221.csv,2025-09-17 14:27:16
sentence_transformers_paraphrase_MiniLM_L3_v2,E_diversity,10,0.1282051282051282,0.6410256410256411,0.2136752136752137,0.5282944620485692,0.3027828652828652,0.432000407000407,0.8717948717948718,1.0,39,results_dwa1,dwa,ranking_summary,ranking_summary_n221.csv,ranking_summary_n221.csv,2025-09-17 14:27:16
sentence_transformers_paraphrase_MiniLM_L3_v2,F_recall_first,1,0.3076923076923077,0.1538461538461538,0.2051282051282051,0.3076923076923077,0.3076923076923077,0.4343508343508344,0.3076923076923077,1.0,39,results_dwa1,dwa,ranking_summary,ranking_summary_n221.csv,ranking_summary_n221.csv,2025-09-17 14:27:16
sentence_transformers_paraphrase_MiniLM_L3_v2,F_recall_first,3,0.1880341880341879,0.282051282051282,0.2256410256410256,0.3714911254531752,0.2286324786324786,0.4343508343508344,0.4871794871794871,1.0,39,results_dwa1,dwa,ranking_summary,ranking_summary_n221.csv,ranking_summary_n221.csv,2025-09-17 14:27:16
sentence_transformers_paraphrase_MiniLM_L3_v2,F_recall_first,5,0.1333333333333333,0.3333333333333333,0.1904761904761905,0.4046174021415477,0.2420940170940171,0.4343508343508344,0.5641025641025641,1.0,39,results_dwa1,dwa,ranking_summary,ranking_summary_n221.csv,ranking_summary_n221.csv,2025-09-17 14:27:16
sentence_transformers_paraphrase_MiniLM_L3_v2,F_recall_first,10,0.1102564102564102,0.5512820512820513,0.1837606837606838,0.5153668220722799,0.2838319088319088,0.4343508343508344,0.8205128205128205,1.0,39,results_dwa1,dwa,ranking_summary,ranking_summary_n221.csv,ranking_summary_n221.csv,2025-09-17 14:27:16
sentence_transformers_paraphrase_MiniLM_L3_v2,G_mnn_heavy,1,0.282051282051282,0.141025641025641,0.188034188034188,0.282051282051282,0.282051282051282,0.4422262922262922,0.282051282051282,1.0,39,results_dwa1,dwa,ranking_summary,ranking_summary_n221.csv,ranking_summary_n221.csv,2025-09-17 14:27:16
sentence_transformers_paraphrase_MiniLM_L3_v2,G_mnn_heavy,3,0.1794871794871794,0.2692307692307692,0.2153846153846154,0.3273102261775485,0.2136752136752136,0.4422262922262922,0.4615384615384615,1.0,39,results_dwa1,dwa,ranking_summary,ranking_summary_n221.csv,ranking_summary_n221.csv,2025-09-17 14:27:16
sentence_transformers_paraphrase_MiniLM_L3_v2,G_mnn_heavy,5,0.158974358974359,0.3974358974358974,0.2271062271062272,0.4181504125438378,0.2470085470085469,0.4422262922262922,0.6923076923076923,1.0,39,results_dwa1,dwa,ranking_summary,ranking_summary_n221.csv,ranking_summary_n221.csv,2025-09-17 14:27:16
sentence_transformers_paraphrase_MiniLM_L3_v2,G_mnn_heavy,10,0.1282051282051282,0.6410256410256411,0.2136752136752137,0.5359955297532766,0.2992775742775742,0.4422262922262922,0.8974358974358975,1.0,39,results_dwa1,dwa,ranking_summary,ranking_summary_n221.csv,ranking_summary_n221.csv,2025-09-17 14:27:16
sentence_transformers_paraphrase_MiniLM_L3_v2,H_zfilter,1,0.282051282051282,0.141025641025641,0.188034188034188,0.282051282051282,0.282051282051282,0.4207570207570207,0.282051282051282,1.0,39,results_dwa1,dwa,ranking_summary,ranking_summary_n221.csv,ranking_summary_n221.csv,2025-09-17 14:27:16
sentence_transformers_paraphrase_MiniLM_L3_v2,H_zfilter,3,0.1623931623931623,0.2435897435897435,0.1948717948717949,0.3102897714215202,0.2051282051282051,0.4207570207570207,0.4102564102564102,1.0,39,results_dwa1,dwa,ranking_summary,ranking_summary_n221.csv,ranking_summary_n221.csv,2025-09-17 14:27:16
sentence_transformers_paraphrase_MiniLM_L3_v2,H_zfilter,5,0.158974358974359,0.3974358974358974,0.2271062271062272,0.4173855369870807,0.2467948717948718,0.4207570207570207,0.6666666666666666,1.0,39,results_dwa1,dwa,ranking_summary,ranking_summary_n221.csv,ranking_summary_n221.csv,2025-09-17 14:27:16
sentence_transformers_paraphrase_MiniLM_L3_v2,H_zfilter,10,0.1128205128205128,0.5641025641025641,0.188034188034188,0.496439545027353,0.2817358567358567,0.4207570207570207,0.7948717948717948,1.0,39,results_dwa1,dwa,ranking_summary,ranking_summary_n221.csv,ranking_summary_n221.csv,2025-09-17 14:27:16
sentence_transformers_paraphrase_MiniLM_L3_v2,I_short_skills_bias,1,0.3076923076923077,0.1538461538461538,0.2051282051282051,0.3076923076923077,0.3076923076923077,0.4645095645095644,0.3076923076923077,1.0,39,results_dwa1,dwa,ranking_summary,ranking_summary_n221.csv,ranking_summary_n221.csv,2025-09-17 14:27:16
sentence_transformers_paraphrase_MiniLM_L3_v2,I_short_skills_bias,3,0.1794871794871794,0.2692307692307692,0.2153846153846154,0.357910903193376,0.2136752136752136,0.4645095645095644,0.4871794871794871,1.0,39,results_dwa1,dwa,ranking_summary,ranking_summary_n221.csv,ranking_summary_n221.csv,2025-09-17 14:27:16
sentence_transformers_paraphrase_MiniLM_L3_v2,I_short_skills_bias,5,0.158974358974359,0.3974358974358974,0.2271062271062272,0.4487510895596653,0.2470085470085469,0.4645095645095644,0.717948717948718,1.0,39,results_dwa1,dwa,ranking_summary,ranking_summary_n221.csv,ranking_summary_n221.csv,2025-09-17 14:27:16
sentence_transformers_paraphrase_MiniLM_L3_v2,I_short_skills_bias,10,0.1205128205128205,0.6025641025641025,0.2008547008547009,0.5508697248653718,0.2903235653235653,0.4645095645095644,0.8974358974358975,1.0,39,results_dwa1,dwa,ranking_summary,ranking_summary_n221.csv,ranking_summary_n221.csv,2025-09-17 14:27:16
sentence_transformers_paraphrase_MiniLM_L3_v2,J_char_heavy,1,0.3076923076923077,0.1538461538461538,0.2051282051282051,0.3076923076923077,0.3076923076923077,0.4748880748880748,0.3076923076923077,1.0,39,results_dwa1,dwa,ranking_summary,ranking_summary_n221.csv,ranking_summary_n221.csv,2025-09-17 14:27:16
sentence_transformers_paraphrase_MiniLM_L3_v2,J_char_heavy,3,0.2136752136752136,0.3205128205128205,0.2564102564102564,0.3851544070407046,0.2393162393162393,0.4748880748880748,0.5641025641025641,1.0,39,results_dwa1,dwa,ranking_summary,ranking_summary_n221.csv,ranking_summary_n221.csv,2025-09-17 14:27:16
sentence_transformers_paraphrase_MiniLM_L3_v2,J_char_heavy,5,0.1692307692307692,0.4230769230769231,0.2417582417582418,0.4482586351697072,0.2668803418803418,0.4748880748880748,0.717948717948718,1.0,39,results_dwa1,dwa,ranking_summary,ranking_summary_n221.csv,ranking_summary_n221.csv,2025-09-17 14:27:16
sentence_transformers_paraphrase_MiniLM_L3_v2,J_char_heavy,10,0.1282051282051282,0.6410256410256411,0.2136752136752137,0.5611892444544029,0.3098087098087098,0.4748880748880748,0.9230769230769232,1.0,39,results_dwa1,dwa,ranking_summary,ranking_summary_n221.csv,ranking_summary_n221.csv,2025-09-17 14:27:16
sentence_transformers_paraphrase_albert_small_v2,A_semantic_only,1,0.2564102564102564,0.1282051282051282,0.1709401709401709,0.2564102564102564,0.2564102564102564,0.3585063085063084,0.2564102564102564,1.0,39,results_dwa1,dwa,ranking_summary,ranking_summary_n221.csv,ranking_summary_n221.csv,2025-09-17 14:27:16
sentence_transformers_paraphrase_albert_small_v2,A_semantic_only,3,0.1452991452991452,0.2179487179487179,0.1743589743589743,0.331040303115907,0.1794871794871795,0.3585063085063084,0.4102564102564102,1.0,39,results_dwa1,dwa,ranking_summary,ranking_summary_n221.csv,ranking_summary_n221.csv,2025-09-17 14:27:16
sentence_transformers_paraphrase_albert_small_v2,A_semantic_only,5,0.0974358974358974,0.2435897435897435,0.1391941391941392,0.3481652844195657,0.1878205128205128,0.3585063085063084,0.4358974358974359,1.0,39,results_dwa1,dwa,ranking_summary,ranking_summary_n221.csv,ranking_summary_n221.csv,2025-09-17 14:27:16
sentence_transformers_paraphrase_albert_small_v2,A_semantic_only,10,0.0692307692307692,0.3461538461538461,0.1153846153846154,0.4062518712915479,0.204039479039479,0.3585063085063084,0.5897435897435898,1.0,39,results_dwa1,dwa,ranking_summary,ranking_summary_n221.csv,ranking_summary_n221.csv,2025-09-17 14:27:16
sentence_transformers_paraphrase_albert_small_v2,B_hybrid_light,1,0.3076923076923077,0.1538461538461538,0.2051282051282051,0.3076923076923077,0.3076923076923077,0.4641025641025641,0.3076923076923077,1.0,39,results_dwa1,dwa,ranking_summary,ranking_summary_n221.csv,ranking_summary_n221.csv,2025-09-17 14:27:16
sentence_transformers_paraphrase_albert_small_v2,B_hybrid_light,3,0.2136752136752136,0.3205128205128205,0.2564102564102564,0.3975881141917906,0.2542735042735042,0.4641025641025641,0.5384615384615384,1.0,39,results_dwa1,dwa,ranking_summary,ranking_summary_n221.csv,ranking_summary_n221.csv,2025-09-17 14:27:16
sentence_transformers_paraphrase_albert_small_v2,B_hybrid_light,5,0.1743589743589744,0.4358974358974359,0.2490842490842492,0.4780742967562824,0.2882478632478632,0.4641025641025641,0.717948717948718,1.0,39,results_dwa1,dwa,ranking_summary,ranking_summary_n221.csv,ranking_summary_n221.csv,2025-09-17 14:27:16
sentence_transformers_paraphrase_albert_small_v2,B_hybrid_light,10,0.1153846153846153,0.5769230769230769,0.1923076923076923,0.5499428455192331,0.3186914936914937,0.4641025641025641,0.8461538461538461,1.0,39,results_dwa1,dwa,ranking_summary,ranking_summary_n221.csv,ranking_summary_n221.csv,2025-09-17 14:27:16
sentence_transformers_paraphrase_albert_small_v2,C_lex_sem_strong,1,0.3076923076923077,0.1538461538461538,0.2051282051282051,0.3076923076923077,0.3076923076923077,0.4733109483109483,0.3076923076923077,1.0,39,results_dwa1,dwa,ranking_summary,ranking_summary_n221.csv,ranking_summary_n221.csv,2025-09-17 14:27:16
sentence_transformers_paraphrase_albert_small_v2,C_lex_sem_strong,3,0.2478632478632479,0.3717948717948718,0.2974358974358975,0.4424602526486302,0.2905982905982905,0.4733109483109483,0.5897435897435898,1.0,39,results_dwa1,dwa,ranking_summary,ranking_summary_n221.csv,ranking_summary_n221.csv,2025-09-17 14:27:16
sentence_transformers_paraphrase_albert_small_v2,C_lex_sem_strong,5,0.158974358974359,0.3974358974358974,0.2271062271062271,0.4595852339522889,0.2989316239316238,0.4733109483109483,0.6153846153846154,1.0,39,results_dwa1,dwa,ranking_summary,ranking_summary_n221.csv,ranking_summary_n221.csv,2025-09-17 14:27:16
sentence_transformers_paraphrase_albert_small_v2,C_lex_sem_strong,10,0.1179487179487179,0.5897435897435898,0.1965811965811966,0.5544861215480874,0.3347832722832722,0.4733109483109483,0.8461538461538461,1.0,39,results_dwa1,dwa,ranking_summary,ranking_summary_n221.csv,ranking_summary_n221.csv,2025-09-17 14:27:16
sentence_transformers_paraphrase_albert_small_v2,D_zfilter,1,0.3076923076923077,0.1538461538461538,0.2051282051282051,0.3076923076923077,0.3076923076923077,0.4658119658119658,0.3076923076923077,1.0,39,results_dwa1,dwa,ranking_summary,ranking_summary_n221.csv,ranking_summary_n221.csv,2025-09-17 14:27:16
sentence_transformers_paraphrase_albert_small_v2,D_zfilter,3,0.2222222222222222,0.3333333333333333,0.2666666666666666,0.4075074169413942,0.2606837606837606,0.4658119658119658,0.5641025641025641,1.0,39,results_dwa1,dwa,ranking_summary,ranking_summary_n221.csv,ranking_summary_n221.csv,2025-09-17 14:27:16
sentence_transformers_paraphrase_albert_small_v2,D_zfilter,5,0.1692307692307692,0.4230769230769231,0.2417582417582418,0.4701796333354762,0.2882478632478632,0.4658119658119658,0.6923076923076923,1.0,39,results_dwa1,dwa,ranking_summary,ranking_summary_n221.csv,ranking_summary_n221.csv,2025-09-17 14:27:16
sentence_transformers_paraphrase_albert_small_v2,D_zfilter,10,0.1128205128205128,0.5641025641025641,0.188034188034188,0.543356182981169,0.3188339438339438,0.4658119658119658,0.8205128205128205,1.0,39,results_dwa1,dwa,ranking_summary,ranking_summary_n221.csv,ranking_summary_n221.csv,2025-09-17 14:27:16
sentence_transformers_paraphrase_albert_small_v2,E_diversity,1,0.3076923076923077,0.1538461538461538,0.2051282051282051,0.3076923076923077,0.3076923076923077,0.4774420024420024,0.3076923076923077,1.0,39,results_dwa1,dwa,ranking_summary,ranking_summary_n221.csv,ranking_summary_n221.csv,2025-09-17 14:27:16
sentence_transformers_paraphrase_albert_small_v2,E_diversity,3,0.2051282051282051,0.3076923076923077,0.2461538461538462,0.3818663913003685,0.2457264957264957,0.4774420024420024,0.5384615384615384,1.0,39,results_dwa1,dwa,ranking_summary,ranking_summary_n221.csv,ranking_summary_n221.csv,2025-09-17 14:27:16
sentence_transformers_paraphrase_albert_small_v2,E_diversity,5,0.1692307692307692,0.4230769230769231,0.2417582417582419,0.4589815161080254,0.2803418803418803,0.4774420024420024,0.6923076923076923,1.0,39,results_dwa1,dwa,ranking_summary,ranking_summary_n221.csv,ranking_summary_n221.csv,2025-09-17 14:27:16
sentence_transformers_paraphrase_albert_small_v2,E_diversity,10,0.123076923076923,0.6153846153846154,0.2051282051282051,0.5594939636285076,0.3189814814814814,0.4774420024420024,0.8974358974358975,1.0,39,results_dwa1,dwa,ranking_summary,ranking_summary_n221.csv,ranking_summary_n221.csv,2025-09-17 14:27:16
sentence_transformers_paraphrase_albert_small_v2,F_recall_first,1,0.3076923076923077,0.1538461538461538,0.2051282051282051,0.3076923076923077,0.3076923076923077,0.4582112332112332,0.3076923076923077,1.0,39,results_dwa1,dwa,ranking_summary,ranking_summary_n221.csv,ranking_summary_n221.csv,2025-09-17 14:27:16
sentence_transformers_paraphrase_albert_small_v2,F_recall_first,3,0.2307692307692308,0.3461538461538461,0.276923076923077,0.4407055576864342,0.2670940170940171,0.4582112332112332,0.5641025641025641,1.0,39,results_dwa1,dwa,ranking_summary,ranking_summary_n221.csv,ranking_summary_n221.csv,2025-09-17 14:27:16
sentence_transformers_paraphrase_albert_small_v2,F_recall_first,5,0.158974358974359,0.3974358974358974,0.2271062271062271,0.4745208192415578,0.2786324786324786,0.4582112332112332,0.6666666666666666,1.0,39,results_dwa1,dwa,ranking_summary,ranking_summary_n221.csv,ranking_summary_n221.csv,2025-09-17 14:27:16
sentence_transformers_paraphrase_albert_small_v2,F_recall_first,10,0.1051282051282051,0.5256410256410257,0.1752136752136752,0.5410685085581847,0.3019586894586894,0.4582112332112332,0.8205128205128205,1.0,39,results_dwa1,dwa,ranking_summary,ranking_summary_n221.csv,ranking_summary_n221.csv,2025-09-17 14:27:16
sentence_transformers_paraphrase_albert_small_v2,G_mnn_heavy,1,0.3076923076923077,0.1538461538461538,0.2051282051282051,0.3076923076923077,0.3076923076923077,0.461070411070411,0.3076923076923077,1.0,39,results_dwa1,dwa,ranking_summary,ranking_summary_n221.csv,ranking_summary_n221.csv,2025-09-17 14:27:16
sentence_transformers_paraphrase_albert_small_v2,G_mnn_heavy,3,0.1965811965811965,0.2948717948717949,0.2358974358974359,0.3897272527460795,0.2371794871794871,0.461070411070411,0.5128205128205128,1.0,39,results_dwa1,dwa,ranking_summary,ranking_summary_n221.csv,ranking_summary_n221.csv,2025-09-17 14:27:16
sentence_transformers_paraphrase_albert_small_v2,G_mnn_heavy,5,0.1692307692307692,0.4230769230769231,0.2417582417582418,0.4794437531934239,0.2724358974358974,0.461070411070411,0.717948717948718,1.0,39,results_dwa1,dwa,ranking_summary,ranking_summary_n221.csv,ranking_summary_n221.csv,2025-09-17 14:27:16
sentence_transformers_paraphrase_albert_small_v2,G_mnn_heavy,10,0.1102564102564102,0.5512820512820513,0.1837606837606838,0.5461069508782664,0.2987993487993488,0.461070411070411,0.8461538461538461,1.0,39,results_dwa1,dwa,ranking_summary,ranking_summary_n221.csv,ranking_summary_n221.csv,2025-09-17 14:27:16
sentence_transformers_paraphrase_albert_small_v2,H_zfilter,1,0.2564102564102564,0.1282051282051282,0.1709401709401709,0.2564102564102564,0.2564102564102564,0.4484330484330484,0.2564102564102564,1.0,39,results_dwa1,dwa,ranking_summary,ranking_summary_n221.csv,ranking_summary_n221.csv,2025-09-17 14:27:16
sentence_transformers_paraphrase_albert_small_v2,H_zfilter,3,0.2393162393162393,0.358974358974359,0.2871794871794872,0.4229253934911196,0.2414529914529914,0.4484330484330484,0.6410256410256411,1.0,39,results_dwa1,dwa,ranking_summary,ranking_summary_n221.csv,ranking_summary_n221.csv,2025-09-17 14:27:16
sentence_transformers_paraphrase_albert_small_v2,H_zfilter,5,0.1692307692307692,0.4230769230769231,0.2417582417582418,0.4639463336002982,0.2613247863247863,0.4484330484330484,0.717948717948718,1.0,39,results_dwa1,dwa,ranking_summary,ranking_summary_n221.csv,ranking_summary_n221.csv,2025-09-17 14:27:16
sentence_transformers_paraphrase_albert_small_v2,H_zfilter,10,0.1128205128205128,0.5641025641025641,0.188034188034188,0.5345187687198265,0.2909137159137159,0.4484330484330484,0.8461538461538461,1.0,39,results_dwa1,dwa,ranking_summary,ranking_summary_n221.csv,ranking_summary_n221.csv,2025-09-17 14:27:16
sentence_transformers_paraphrase_albert_small_v2,I_short_skills_bias,1,0.3076923076923077,0.1538461538461538,0.2051282051282051,0.3076923076923077,0.3076923076923077,0.4700854700854701,0.3076923076923077,1.0,39,results_dwa1,dwa,ranking_summary,ranking_summary_n221.csv,ranking_summary_n221.csv,2025-09-17 14:27:16
sentence_transformers_paraphrase_albert_small_v2,I_short_skills_bias,3,0.2222222222222222,0.3333333333333333,0.2666666666666666,0.4158242414846949,0.2628205128205128,0.4700854700854701,0.5641025641025641,1.0,39,results_dwa1,dwa,ranking_summary,ranking_summary_n221.csv,ranking_summary_n221.csv,2025-09-17 14:27:16
sentence_transformers_paraphrase_albert_small_v2,I_short_skills_bias,5,0.1743589743589744,0.4358974358974359,0.2490842490842492,0.4803064393471998,0.2955128205128204,0.4700854700854701,0.6923076923076923,1.0,39,results_dwa1,dwa,ranking_summary,ranking_summary_n221.csv,ranking_summary_n221.csv,2025-09-17 14:27:16
sentence_transformers_paraphrase_albert_small_v2,I_short_skills_bias,10,0.1128205128205128,0.5641025641025641,0.188034188034188,0.5476558571042808,0.3214692714692714,0.4700854700854701,0.8205128205128205,1.0,39,results_dwa1,dwa,ranking_summary,ranking_summary_n221.csv,ranking_summary_n221.csv,2025-09-17 14:27:16
sentence_transformers_paraphrase_albert_small_v2,J_char_heavy,1,0.3076923076923077,0.1538461538461538,0.2051282051282051,0.3076923076923077,0.3076923076923077,0.4836487586487586,0.3076923076923077,1.0,39,results_dwa1,dwa,ranking_summary,ranking_summary_n221.csv,ranking_summary_n221.csv,2025-09-17 14:27:16
sentence_transformers_paraphrase_albert_small_v2,J_char_heavy,3,0.2564102564102564,0.3846153846153846,0.3076923076923077,0.4539820336045367,0.2884615384615384,0.4836487586487586,0.6410256410256411,1.0,39,results_dwa1,dwa,ranking_summary,ranking_summary_n221.csv,ranking_summary_n221.csv,2025-09-17 14:27:16
sentence_transformers_paraphrase_albert_small_v2,J_char_heavy,5,0.1794871794871795,0.4487179487179487,0.2564102564102565,0.4889182917613323,0.3102564102564102,0.4836487586487586,0.6923076923076923,1.0,39,results_dwa1,dwa,ranking_summary,ranking_summary_n221.csv,ranking_summary_n221.csv,2025-09-17 14:27:16
sentence_transformers_paraphrase_albert_small_v2,J_char_heavy,10,0.1153846153846153,0.5769230769230769,0.1923076923076923,0.555145554491794,0.3358211233211233,0.4836487586487586,0.8205128205128205,1.0,39,results_dwa1,dwa,ranking_summary,ranking_summary_n221.csv,ranking_summary_n221.csv,2025-09-17 14:27:16
sentence_transformers_sentence_t5_base,A_semantic_only,1,0.4102564102564102,0.2051282051282051,0.2735042735042735,0.4102564102564102,0.4102564102564102,0.4935490435490435,0.4102564102564102,1.0,39,results_dwa1,dwa,ranking_summary,ranking_summary_n221.csv,ranking_summary_n221.csv,2025-09-17 14:27:16
sentence_transformers_sentence_t5_base,A_semantic_only,3,0.1709401709401709,0.2564102564102564,0.2051282051282051,0.4322365163872402,0.2264957264957264,0.4935490435490435,0.5128205128205128,1.0,39,results_dwa1,dwa,ranking_summary,ranking_summary_n221.csv,ranking_summary_n221.csv,2025-09-17 14:27:16
sentence_transformers_sentence_t5_base,A_semantic_only,5,0.1230769230769231,0.3076923076923077,0.1758241758241758,0.4703237891090512,0.2405982905982905,0.4935490435490435,0.5897435897435898,1.0,39,results_dwa1,dwa,ranking_summary,ranking_summary_n221.csv,ranking_summary_n221.csv,2025-09-17 14:27:16
sentence_transformers_sentence_t5_base,A_semantic_only,10,0.0871794871794872,0.4358974358974359,0.1452991452991453,0.5410413730065347,0.2601648351648351,0.4935490435490435,0.7692307692307693,1.0,39,results_dwa1,dwa,ranking_summary,ranking_summary_n221.csv,ranking_summary_n221.csv,2025-09-17 14:27:16
sentence_transformers_sentence_t5_base,B_hybrid_light,1,0.358974358974359,0.1794871794871795,0.2393162393162393,0.358974358974359,0.358974358974359,0.5335775335775336,0.358974358974359,1.0,39,results_dwa1,dwa,ranking_summary,ranking_summary_n221.csv,ranking_summary_n221.csv,2025-09-17 14:27:16
sentence_transformers_sentence_t5_base,B_hybrid_light,3,0.2393162393162393,0.358974358974359,0.2871794871794872,0.4258266035620288,0.2884615384615384,0.5335775335775336,0.6153846153846154,1.0,39,results_dwa1,dwa,ranking_summary,ranking_summary_n221.csv,ranking_summary_n221.csv,2025-09-17 14:27:16
sentence_transformers_sentence_t5_base,B_hybrid_light,5,0.1846153846153846,0.4615384615384615,0.2637362637362638,0.4914324873434786,0.3211538461538462,0.5335775335775336,0.7435897435897436,1.0,39,results_dwa1,dwa,ranking_summary,ranking_summary_n221.csv,ranking_summary_n221.csv,2025-09-17 14:27:16
sentence_transformers_sentence_t5_base,B_hybrid_light,10,0.1333333333333333,0.6666666666666666,0.2222222222222223,0.5873870242542575,0.3683353683353683,0.5335775335775336,0.8717948717948718,1.0,39,results_dwa1,dwa,ranking_summary,ranking_summary_n221.csv,ranking_summary_n221.csv,2025-09-17 14:27:16
sentence_transformers_sentence_t5_base,C_lex_sem_strong,1,0.3076923076923077,0.1538461538461538,0.2051282051282051,0.3076923076923077,0.3076923076923077,0.504059829059829,0.3076923076923077,1.0,39,results_dwa1,dwa,ranking_summary,ranking_summary_n221.csv,ranking_summary_n221.csv,2025-09-17 14:27:16
sentence_transformers_sentence_t5_base,C_lex_sem_strong,3,0.2649572649572649,0.3974358974358974,0.317948717948718,0.4365886750786489,0.2863247863247863,0.504059829059829,0.6666666666666666,1.0,39,results_dwa1,dwa,ranking_summary,ranking_summary_n221.csv,ranking_summary_n221.csv,2025-09-17 14:27:16
sentence_transformers_sentence_t5_base,C_lex_sem_strong,5,0.2102564102564102,0.5256410256410257,0.3003663003663004,0.5143585441303191,0.3299145299145299,0.504059829059829,0.7948717948717948,1.0,39,results_dwa1,dwa,ranking_summary,ranking_summary_n221.csv,ranking_summary_n221.csv,2025-09-17 14:27:16
sentence_transformers_sentence_t5_base,C_lex_sem_strong,10,0.1307692307692307,0.6538461538461539,0.217948717948718,0.5750694532624454,0.3577584452584452,0.504059829059829,0.8717948717948718,1.0,39,results_dwa1,dwa,ranking_summary,ranking_summary_n221.csv,ranking_summary_n221.csv,2025-09-17 14:27:16
sentence_transformers_sentence_t5_base,D_zfilter,1,0.358974358974359,0.1794871794871795,0.2393162393162393,0.358974358974359,0.358974358974359,0.5288766788766789,0.358974358974359,1.0,39,results_dwa1,dwa,ranking_summary,ranking_summary_n221.csv,ranking_summary_n221.csv,2025-09-17 14:27:16
sentence_transformers_sentence_t5_base,D_zfilter,3,0.2478632478632479,0.3717948717948718,0.2974358974358975,0.4282718505353483,0.2884615384615384,0.5288766788766789,0.6410256410256411,1.0,39,results_dwa1,dwa,ranking_summary,ranking_summary_n221.csv,ranking_summary_n221.csv,2025-09-17 14:27:16
sentence_transformers_sentence_t5_base,D_zfilter,5,0.1897435897435897,0.4743589743589743,0.2710622710622711,0.500863369679034,0.317948717948718,0.5288766788766789,0.7948717948717948,1.0,39,results_dwa1,dwa,ranking_summary,ranking_summary_n221.csv,ranking_summary_n221.csv,2025-09-17 14:27:16
sentence_transformers_sentence_t5_base,D_zfilter,10,0.1333333333333333,0.6666666666666666,0.2222222222222223,0.5836431979178435,0.3643162393162393,0.5288766788766789,0.8717948717948718,1.0,39,results_dwa1,dwa,ranking_summary,ranking_summary_n221.csv,ranking_summary_n221.csv,2025-09-17 14:27:16
sentence_transformers_sentence_t5_base,E_diversity,1,0.358974358974359,0.1794871794871795,0.2393162393162393,0.358974358974359,0.358974358974359,0.529151404151404,0.358974358974359,1.0,39,results_dwa1,dwa,ranking_summary,ranking_summary_n221.csv,ranking_summary_n221.csv,2025-09-17 14:27:16
sentence_transformers_sentence_t5_base,E_diversity,3,0.2478632478632479,0.3717948717948718,0.2974358974358975,0.4418520727951473,0.2863247863247863,0.529151404151404,0.6410256410256411,1.0,39,results_dwa1,dwa,ranking_summary,ranking_summary_n221.csv,ranking_summary_n221.csv,2025-09-17 14:27:16
sentence_transformers_sentence_t5_base,E_diversity,5,0.1794871794871795,0.4487179487179487,0.2564102564102565,0.4896439904061873,0.3126068376068376,0.529151404151404,0.717948717948718,1.0,39,results_dwa1,dwa,ranking_summary,ranking_summary_n221.csv,ranking_summary_n221.csv,2025-09-17 14:27:16
sentence_transformers_sentence_t5_base,E_diversity,10,0.1282051282051282,0.6410256410256411,0.2136752136752137,0.5840225474942996,0.3547466422466422,0.529151404151404,0.8717948717948718,1.0,39,results_dwa1,dwa,ranking_summary,ranking_summary_n221.csv,ranking_summary_n221.csv,2025-09-17 14:27:16
sentence_transformers_sentence_t5_base,F_recall_first,1,0.3846153846153846,0.1923076923076923,0.2564102564102564,0.3846153846153846,0.3846153846153846,0.5373117623117623,0.3846153846153846,1.0,39,results_dwa1,dwa,ranking_summary,ranking_summary_n221.csv,ranking_summary_n221.csv,2025-09-17 14:27:16
sentence_transformers_sentence_t5_base,F_recall_first,3,0.2564102564102564,0.3846153846153846,0.3076923076923077,0.4468947834976794,0.2991452991452991,0.5373117623117623,0.6666666666666666,1.0,39,results_dwa1,dwa,ranking_summary,ranking_summary_n221.csv,ranking_summary_n221.csv,2025-09-17 14:27:16
sentence_transformers_sentence_t5_base,F_recall_first,5,0.1794871794871795,0.4487179487179487,0.2564102564102565,0.484332697306922,0.3235042735042734,0.5373117623117623,0.717948717948718,1.0,39,results_dwa1,dwa,ranking_summary,ranking_summary_n221.csv,ranking_summary_n221.csv,2025-09-17 14:27:16
sentence_transformers_sentence_t5_base,F_recall_first,10,0.1358974358974359,0.6794871794871795,0.2264957264957265,0.590631003854043,0.3730311355311355,0.5373117623117623,0.8717948717948718,1.0,39,results_dwa1,dwa,ranking_summary,ranking_summary_n221.csv,ranking_summary_n221.csv,2025-09-17 14:27:16
sentence_transformers_sentence_t5_base,G_mnn_heavy,1,0.358974358974359,0.1794871794871795,0.2393162393162393,0.358974358974359,0.358974358974359,0.5329670329670328,0.358974358974359,1.0,39,results_dwa1,dwa,ranking_summary,ranking_summary_n221.csv,ranking_summary_n221.csv,2025-09-17 14:27:16
sentence_transformers_sentence_t5_base,G_mnn_heavy,3,0.2564102564102564,0.3846153846153846,0.3076923076923077,0.4394898851495581,0.2948717948717948,0.5329670329670328,0.6666666666666666,1.0,39,results_dwa1,dwa,ranking_summary,ranking_summary_n221.csv,ranking_summary_n221.csv,2025-09-17 14:27:16
sentence_transformers_sentence_t5_base,G_mnn_heavy,5,0.1794871794871795,0.4487179487179487,0.2564102564102565,0.481199810125488,0.3160256410256409,0.5329670329670328,0.7435897435897436,1.0,39,results_dwa1,dwa,ranking_summary,ranking_summary_n221.csv,ranking_summary_n221.csv,2025-09-17 14:27:16
sentence_transformers_sentence_t5_base,G_mnn_heavy,10,0.1358974358974359,0.6794871794871795,0.2264957264957265,0.5864317028274543,0.3692816442816442,0.5329670329670328,0.8717948717948718,1.0,39,results_dwa1,dwa,ranking_summary,ranking_summary_n221.csv,ranking_summary_n221.csv,2025-09-17 14:27:16
sentence_transformers_sentence_t5_base,H_zfilter,1,0.3846153846153846,0.1923076923076923,0.2564102564102564,0.3846153846153846,0.3846153846153846,0.5493589743589745,0.3846153846153846,1.0,39,results_dwa1,dwa,ranking_summary,ranking_summary_n221.csv,ranking_summary_n221.csv,2025-09-17 14:27:16
sentence_transformers_sentence_t5_base,H_zfilter,3,0.2478632478632479,0.3717948717948718,0.2974358974358975,0.4713062347022616,0.3012820512820512,0.5493589743589745,0.6410256410256411,1.0,39,results_dwa1,dwa,ranking_summary,ranking_summary_n221.csv,ranking_summary_n221.csv,2025-09-17 14:27:16
sentence_transformers_sentence_t5_base,H_zfilter,5,0.1846153846153846,0.4615384615384615,0.2637362637362638,0.5290174550629053,0.3333333333333333,0.5493589743589745,0.717948717948718,1.0,39,results_dwa1,dwa,ranking_summary,ranking_summary_n221.csv,ranking_summary_n221.csv,2025-09-17 14:27:16
sentence_transformers_sentence_t5_base,H_zfilter,10,0.1205128205128204,0.6025641025641025,0.2008547008547009,0.6065990467831611,0.3620624745624746,0.5493589743589745,0.8717948717948718,1.0,39,results_dwa1,dwa,ranking_summary,ranking_summary_n221.csv,ranking_summary_n221.csv,2025-09-17 14:27:16
sentence_transformers_sentence_t5_base,I_short_skills_bias,1,0.358974358974359,0.1794871794871795,0.2393162393162393,0.358974358974359,0.358974358974359,0.5285205535205534,0.358974358974359,1.0,39,results_dwa1,dwa,ranking_summary,ranking_summary_n221.csv,ranking_summary_n221.csv,2025-09-17 14:27:16
sentence_transformers_sentence_t5_base,I_short_skills_bias,3,0.2478632478632479,0.3717948717948718,0.2974358974358975,0.4295705823999546,0.2884615384615384,0.5285205535205534,0.6410256410256411,1.0,39,results_dwa1,dwa,ranking_summary,ranking_summary_n221.csv,ranking_summary_n221.csv,2025-09-17 14:27:16
sentence_transformers_sentence_t5_base,I_short_skills_bias,5,0.1948717948717948,0.4871794871794871,0.2783882783882785,0.5082440941787504,0.3230769230769231,0.5285205535205534,0.7948717948717948,1.0,39,results_dwa1,dwa,ranking_summary,ranking_summary_n221.csv,ranking_summary_n221.csv,2025-09-17 14:27:16
sentence_transformers_sentence_t5_base,I_short_skills_bias,10,0.1333333333333333,0.6666666666666666,0.2222222222222223,0.5854132229634514,0.3656033781033781,0.5285205535205534,0.8717948717948718,1.0,39,results_dwa1,dwa,ranking_summary,ranking_summary_n221.csv,ranking_summary_n221.csv,2025-09-17 14:27:16
sentence_transformers_sentence_t5_base,J_char_heavy,1,0.3846153846153846,0.1923076923076923,0.2564102564102564,0.3846153846153846,0.3846153846153846,0.5423687423687423,0.3846153846153846,1.0,39,results_dwa1,dwa,ranking_summary,ranking_summary_n221.csv,ranking_summary_n221.csv,2025-09-17 14:27:16
sentence_transformers_sentence_t5_base,J_char_heavy,3,0.2478632478632478,0.3717948717948718,0.2974358974358974,0.4343780170188633,0.2927350427350427,0.5423687423687423,0.6410256410256411,1.0,39,results_dwa1,dwa,ranking_summary,ranking_summary_n221.csv,ranking_summary_n221.csv,2025-09-17 14:27:16
sentence_transformers_sentence_t5_base,J_char_heavy,5,0.2,0.5,0.2857142857142858,0.5209461922184653,0.3311965811965812,0.5423687423687423,0.8205128205128205,1.0,39,results_dwa1,dwa,ranking_summary,ranking_summary_n221.csv,ranking_summary_n221.csv,2025-09-17 14:27:16
sentence_transformers_sentence_t5_base,J_char_heavy,10,0.1333333333333333,0.6666666666666666,0.2222222222222222,0.5943037113843325,0.373056573056573,0.5423687423687423,0.8717948717948718,1.0,39,results_dwa1,dwa,ranking_summary,ranking_summary_n221.csv,ranking_summary_n221.csv,2025-09-17 14:27:16
