title,dwa_title
Automotive Engineers,Update technical knowledge.
Automotive Engineers,Determine operational criteria or specifications.
Automotive Engineers,Prepare operational reports.
Automotive Engineers,Implement design or process improvements.
Automotive Engineers,Develop technical methods or processes.
Automotive Engineers,Prepare technical reports for internal use.
Automotive Engineers,Maintain operational records or records systems.
Automotive Engineers,Research advanced engineering designs or applications.
Automotive Engineers,"Coordinate activities with suppliers, contractors, clients, or other departments."
Automotive Engineers,Provide technical guidance to other personnel.
Automotive Engineers,Conduct quantitative failure analyses of operational data.
Automotive Engineers,Determine design criteria or specifications.
Automotive Engineers,Estimate operational costs.
Automotive Engineers,Determine design criteria or specifications.
Automotive Engineers,Devise research or testing protocols.
Automotive Engineers,Evaluate technical data to determine effect on designs or plans.
Automotive Engineers,Calibrate scientific or technical equipment.
Automotive Engineers,Create models of engineering designs or methods.
Automotive Engineers,Design electromechanical equipment or systems.
Automotive Engineers,Evaluate characteristics of equipment or systems.
Automotive Engineers,Design electromechanical equipment or systems.
Automotive Engineers,"Test performance of electrical, electronic, mechanical, or integrated systems or equipment."
Automotive Engineers,Direct design or development activities.
Automotive Engineers,Design control systems for mechanical or other equipment.
Automotive Engineers,Design energy-efficient vehicles or vehicle components.
Automotive Engineers,Design energy-efficient vehicles or vehicle components.
Automotive Engineers,Design energy-efficient vehicles or vehicle components.
Automotive Engineers,Determine design criteria or specifications.
Automotive Engineers,Research advanced engineering designs or applications.
Automotive Engineers,Research design or application of green technologies.
Manufacturing Engineers,Determine operational methods.
Manufacturing Engineers,Create graphical representations of industrial production systems.
Manufacturing Engineers,Confer with technical personnel to prepare designs or operational plans.
Manufacturing Engineers,Determine causes of operational problems or failures.
Manufacturing Engineers,Design industrial equipment.
Manufacturing Engineers,Install production equipment or systems.
Manufacturing Engineers,Estimate operational costs.
Manufacturing Engineers,Estimate technical or resource requirements for development or production projects.
Manufacturing Engineers,Estimate time requirements for development or production projects.
Manufacturing Engineers,Assess product or process usefulness.
Manufacturing Engineers,"Analyze operational data to evaluate operations, processes or products."
Manufacturing Engineers,Resolve operational performance problems.
Manufacturing Engineers,Prepare procedural documents.
Manufacturing Engineers,"Purchase materials, equipment, or other resources."
Manufacturing Engineers,Evaluate designs or specifications to ensure quality.
Manufacturing Engineers,Determine causes of operational problems or failures.
Manufacturing Engineers,Prepare operational reports.
Manufacturing Engineers,Provide technical guidance to other personnel.
Manufacturing Engineers,Update technical knowledge.
Manufacturing Engineers,Supervise production or support personnel.
Manufacturing Engineers,Train personnel on proper operational procedures.
Manufacturing Engineers,Analyze costs and benefits of proposed designs or projects.
Manufacturing Engineers,Design industrial processing systems.
Manufacturing Engineers,Investigate the environmental impact of projects.
Manufacturing Engineers,Develop operational methods or processes that use green materials or emphasize sustainability.
Manufacturing Engineers,Implement design or process improvements.
Manufacturing Engineers,Develop technical methods or processes.
Manufacturing Engineers,Design industrial processing systems.
Manufacturing Engineers,Determine causes of operational problems or failures.
Manufacturing Engineers,"Recommend technical design or process changes to improve efficiency, quality, or performance."
Manufacturing Engineers,Devise research or testing protocols.
Bioengineers and Biomedical Engineers,Train personnel on proper operational procedures.
Bioengineers and Biomedical Engineers,Prepare procedural documents.
Bioengineers and Biomedical Engineers,"Recommend technical design or process changes to improve efficiency, quality, or performance."
Bioengineers and Biomedical Engineers,Confer with technical personnel to prepare designs or operational plans.
Bioengineers and Biomedical Engineers,"Communicate technical information to suppliers, contractors, or regulatory agencies."
Bioengineers and Biomedical Engineers,"Communicate technical information to suppliers, contractors, or regulatory agencies."
Bioengineers and Biomedical Engineers,Confer with technical personnel to prepare designs or operational plans.
Bioengineers and Biomedical Engineers,Confer with technical personnel to prepare designs or operational plans.
Bioengineers and Biomedical Engineers,Design medical devices or appliances.
Bioengineers and Biomedical Engineers,Research engineering aspects of biological or chemical processes.
Bioengineers and Biomedical Engineers,Design medical devices or appliances.
Bioengineers and Biomedical Engineers,Devise research or testing protocols.
Bioengineers and Biomedical Engineers,Develop operational methods or processes that use green materials or emphasize sustainability.
Bioengineers and Biomedical Engineers,Develop technical methods or processes.
Bioengineers and Biomedical Engineers,Create models of engineering designs or methods.
Bioengineers and Biomedical Engineers,Research engineering aspects of biological or chemical processes.
Bioengineers and Biomedical Engineers,Maintain operational records or records systems.
Bioengineers and Biomedical Engineers,Supervise engineering or other technical personnel.
Bioengineers and Biomedical Engineers,Estimate operational costs.
Bioengineers and Biomedical Engineers,Estimate time requirements for development or production projects.
Bioengineers and Biomedical Engineers,Prepare detailed work plans.
Bioengineers and Biomedical Engineers,Prepare technical reports for internal use.
Bioengineers and Biomedical Engineers,"Prepare contracts, disclosures, or applications."
Bioengineers and Biomedical Engineers,Update technical knowledge.
Bioengineers and Biomedical Engineers,"Recommend technical design or process changes to improve efficiency, quality, or performance."
Bioengineers and Biomedical Engineers,Research engineering aspects of biological or chemical processes.
Bioengineers and Biomedical Engineers,Evaluate characteristics of equipment or systems.
Bioengineers and Biomedical Engineers,Advise customers on the use of products or services.
Bioengineers and Biomedical Engineers,Research engineering aspects of biological or chemical processes.
Bioengineers and Biomedical Engineers,Create models of engineering designs or methods.
Bioengineers and Biomedical Engineers,Research engineering aspects of biological or chemical processes.
Bioengineers and Biomedical Engineers,Develop software or computer applications.
Bioengineers and Biomedical Engineers,"Analyze operational data to evaluate operations, processes or products."
Robotics Engineers,Supervise engineering or other technical personnel.
Robotics Engineers,Design electromechanical equipment or systems.
Robotics Engineers,Advise customers on the use of products or services.
Robotics Engineers,Evaluate designs or specifications to ensure quality.
Robotics Engineers,Document technical design details.
Robotics Engineers,Prepare operational reports.
Robotics Engineers,Program robotic equipment.
Robotics Engineers,Maintain operational records or records systems.
Robotics Engineers,Interpret design or operational test results.
Robotics Engineers,Program robotic equipment.
Robotics Engineers,"Investigate system, equipment, or product failures."
Robotics Engineers,Calibrate scientific or technical equipment.
Robotics Engineers,Install production equipment or systems.
Robotics Engineers,Operate industrial equipment.
Robotics Engineers,Program robotic equipment.
Robotics Engineers,Design industrial equipment.
Robotics Engineers,Research advanced engineering designs or applications.
Robotics Engineers,Program robotic equipment.
Robotics Engineers,Research advanced engineering designs or applications.
Robotics Engineers,Design industrial processing systems.
Robotics Engineers,Develop software or computer applications.
Robotics Engineers,Design electromechanical equipment or systems.
Robotics Engineers,Develop operational methods or processes that use green materials or emphasize sustainability.
Robotics Engineers,Design industrial processing systems.
Robotics Engineers,"Test performance of electrical, electronic, mechanical, or integrated systems or equipment."
Robotics Engineers,Design electromechanical equipment or systems.
Robotics Engineers,Program robotic equipment.
Robotics Engineers,Evaluate characteristics of equipment or systems.
Mechatronics Engineers,Document design or operational test results.
Mechatronics Engineers,Train personnel on proper operational procedures.
Mechatronics Engineers,Provide technical guidance to other personnel.
Mechatronics Engineers,"Recommend technical design or process changes to improve efficiency, quality, or performance."
Mechatronics Engineers,Supervise engineering or other technical personnel.
Mechatronics Engineers,Create graphical representations of mechanical equipment.
Mechatronics Engineers,Maintain operational records or records systems.
Mechatronics Engineers,"Recommend technical design or process changes to improve efficiency, quality, or performance."
Mechatronics Engineers,"Test performance of electrical, electronic, mechanical, or integrated systems or equipment."
Mechatronics Engineers,Implement design or process improvements.
Mechatronics Engineers,Research engineering applications of emerging technologies.
Mechatronics Engineers,"Select tools, equipment, or technologies for use in operations or projects."
Mechatronics Engineers,Design electromechanical equipment or systems.
Mechatronics Engineers,Design industrial processing systems.
Mechatronics Engineers,Design control systems for mechanical or other equipment.
Mechatronics Engineers,Develop software or computer applications.
Mechatronics Engineers,Design electromechanical equipment or systems.
Mechatronics Engineers,Develop technical methods or processes.
Mechatronics Engineers,Design electromechanical equipment or systems.
Mechatronics Engineers,Design electromechanical equipment or systems.
Mechatronics Engineers,Design electromechanical equipment or systems.
Mechatronics Engineers,Design environmental control systems.
Mechatronics Engineers,Design control systems for mechanical or other equipment.
Mechatronics Engineers,Monitor the productivity or efficiency of industrial operations.
Mechatronics Engineers,Calibrate scientific or technical equipment.
Mechatronics Engineers,Estimate technical or resource requirements for development or production projects.
Mechatronics Engineers,Select project materials.
Mechatronics Engineers,Analyze design or requirements information for mechanical equipment or systems.
Mechatronics Engineers,Create physical models or prototypes.
Mechatronics Engineers,Estimate operational costs.
Mechanical Engineers,Review technical documents to plan work.
Mechanical Engineers,Confer with other personnel to resolve design or operational problems.
Mechanical Engineers,Confer with technical personnel to prepare designs or operational plans.
Mechanical Engineers,Analyze design or requirements information for mechanical equipment or systems.
Mechanical Engineers,"Recommend technical design or process changes to improve efficiency, quality, or performance."
Mechanical Engineers,Direct installation activities.
Mechanical Engineers,Direct equipment maintenance or repair activities.
Mechanical Engineers,"Test performance of electrical, electronic, mechanical, or integrated systems or equipment."
Mechanical Engineers,"Recommend technical design or process changes to improve efficiency, quality, or performance."
Mechanical Engineers,Direct industrial production activities.
Mechanical Engineers,Determine operational methods.
Mechanical Engineers,Direct equipment maintenance or repair activities.
Mechanical Engineers,Coordinate safety or regulatory compliance activities.
Mechanical Engineers,Document technical design details.
Mechanical Engineers,Identify new applications for existing technologies.
Mechanical Engineers,Design electronic or computer equipment or instrumentation.
Mechanical Engineers,Estimate operational costs.
Mechanical Engineers,Design industrial processing systems.
Mechanical Engineers,Direct installation activities.
Mechanical Engineers,Evaluate plans or specifications to determine technological or environmental implications.
Mechanical Engineers,Advise others regarding green practices or environmental concerns.
Mechanical Engineers,"Select tools, equipment, or technologies for use in operations or projects."
Mechanical Engineers,Install production equipment or systems.
Mechanical Engineers,Evaluate characteristics of equipment or systems.
Mechanical Engineers,Design industrial processing systems.
Mechanical Engineers,Design industrial equipment.
Mechanical Engineers,"Investigate system, equipment, or product failures."
Mechanical Engineers,"Recommend technical design or process changes to improve efficiency, quality, or performance."
Mechanical Engineers,"Test performance of electrical, electronic, mechanical, or integrated systems or equipment."
Mechanical Engineers,Create models of engineering designs or methods.
Mechanical Engineers,Implement design or process improvements.
Mechanical Engineers,Estimate operational costs.
Mechanical Engineers,Prepare proposal documents.
Mechanical Engineers,Supervise production or support personnel.
Mechanical Engineers,Perform marketing activities.
Mechanical Engineers,Advise customers on the use of products or services.
Mechanical Engineers,Research industrial processes or operations.
Industrial Engineering Technologists and Technicians,Monitor processes for compliance with standards.
Industrial Engineering Technologists and Technicians,Test products for functionality or quality.
Industrial Engineering Technologists and Technicians,Inspect operational processes.
Industrial Engineering Technologists and Technicians,Monitor activities affecting environmental quality.
Industrial Engineering Technologists and Technicians,Estimate operational costs.
Industrial Engineering Technologists and Technicians,Analyze costs and benefits of proposed designs or projects.
Industrial Engineering Technologists and Technicians,Create physical models or prototypes.
Industrial Engineering Technologists and Technicians,Develop technical methods or processes.
Industrial Engineering Technologists and Technicians,Calibrate scientific or technical equipment.
Industrial Engineering Technologists and Technicians,Analyze costs and benefits of proposed designs or projects.
Industrial Engineering Technologists and Technicians,"Purchase materials, equipment, or other resources."
Industrial Engineering Technologists and Technicians,Prepare drawings or diagrams of products or services.
Industrial Engineering Technologists and Technicians,"Explain engineering drawings, specifications, or other technical information."
Industrial Engineering Technologists and Technicians,Design structures or facilities.
Industrial Engineering Technologists and Technicians,Design industrial processing systems.
Industrial Engineering Technologists and Technicians,Implement design or process improvements.
Industrial Engineering Technologists and Technicians,Develop technical methods or processes.
Industrial Engineering Technologists and Technicians,Develop technical methods or processes.
Industrial Engineering Technologists and Technicians,Design industrial processing systems.
Industrial Engineering Technologists and Technicians,Design industrial equipment.
Industrial Engineering Technologists and Technicians,Monitor the productivity or efficiency of industrial operations.
Industrial Engineering Technologists and Technicians,Calibrate scientific or technical equipment.
Industrial Engineering Technologists and Technicians,Direct quality control activities.
Industrial Engineering Technologists and Technicians,Direct industrial production activities.
Industrial Engineering Technologists and Technicians,Create graphical representations of industrial production systems.
Industrial Engineering Technologists and Technicians,Prepare operational reports.
Industrial Engineering Technologists and Technicians,Train personnel on proper operational procedures.
Industrial Engineering Technologists and Technicians,"Recommend technical design or process changes to improve efficiency, quality, or performance."
Industrial Engineering Technologists and Technicians,Select project materials.
Industrial Engineering Technologists and Technicians,Determine operational methods.
Industrial Engineering Technologists and Technicians,Select project materials.
Industrial Engineering Technologists and Technicians,Operate industrial equipment.
Industrial Engineering Technologists and Technicians,Research human performance or health factors related to engineering or design activities.
Industrial Engineering Technologists and Technicians,Prepare detailed work plans.
Industrial Engineering Technologists and Technicians,Monitor processes for compliance with standards.
Industrial Engineering Technologists and Technicians,Assess product or process usefulness.
Mechanical Engineering Technologists and Technicians,Create graphical representations of mechanical equipment.
Mechanical Engineering Technologists and Technicians,"Prepare contracts, disclosures, or applications."
Mechanical Engineering Technologists and Technicians,Create graphical representations of mechanical equipment.
Mechanical Engineering Technologists and Technicians,Review technical documents to plan work.
Mechanical Engineering Technologists and Technicians,Review technical documents to plan work.
Mechanical Engineering Technologists and Technicians,"Test performance of electrical, electronic, mechanical, or integrated systems or equipment."
Mechanical Engineering Technologists and Technicians,Analyze test or validation data.
Mechanical Engineering Technologists and Technicians,Evaluate designs or specifications to ensure quality.
Mechanical Engineering Technologists and Technicians,Estimate technical or resource requirements for development or production projects.
Mechanical Engineering Technologists and Technicians,Document design or operational test results.
Mechanical Engineering Technologists and Technicians,Monitor the productivity or efficiency of industrial operations.
Mechanical Engineering Technologists and Technicians,Estimate operational costs.
Mechanical Engineering Technologists and Technicians,Test products for functionality or quality.
Mechanical Engineering Technologists and Technicians,Analyze green technology design requirements.
Mechanical Engineering Technologists and Technicians,Estimate operational costs.
Mechanical Engineering Technologists and Technicians,Assemble equipment or components.
Mechanical Engineering Technologists and Technicians,Test products for functionality or quality.
Mechanical Engineering Technologists and Technicians,"Test performance of electrical, electronic, mechanical, or integrated systems or equipment."
Mechanical Engineering Technologists and Technicians,Design industrial equipment.
Mechanical Engineering Technologists and Technicians,Assist engineers or scientists with research.
Mechanical Engineering Technologists and Technicians,Conduct quantitative failure analyses of operational data.
Mechanical Engineering Technologists and Technicians,Document design or operational test results.
Mechanical Engineering Technologists and Technicians,"Recommend technical design or process changes to improve efficiency, quality, or performance."
Mechanical Engineering Technologists and Technicians,Analyze costs and benefits of proposed designs or projects.
Mechanical Engineering Technologists and Technicians,Design industrial equipment.
Mechanical Engineering Technologists and Technicians,Design industrial equipment.
Mechanical Engineering Technologists and Technicians,Design industrial equipment.
Mechanical Engineering Technologists and Technicians,Assemble mechanical components or machine parts.
Mechanical Engineering Technologists and Technicians,Fabricate devices or components.
Mechanical Engineering Technologists and Technicians,Collaborate with others to develop or refine designs.
Mechanical Engineering Technologists and Technicians,"Explain engineering drawings, specifications, or other technical information."
Mechanical Engineering Technologists and Technicians,Schedule operational activities.
Mechanical Engineering Technologists and Technicians,Create graphical representations of industrial production systems.
Mechanical Engineering Technologists and Technicians,Create graphical representations of mechanical equipment.
Mechanical Engineering Technologists and Technicians,Document technical design details.
Mechanical Engineering Technologists and Technicians,Provide technical guidance to other personnel.
Mechanical Engineering Technologists and Technicians,Test characteristics of materials or structures.
Mechanical Engineering Technologists and Technicians,"Test performance of electrical, electronic, mechanical, or integrated systems or equipment."
Robotics Technicians,Train personnel on proper operational procedures.
Robotics Technicians,Program robotic equipment.
Robotics Technicians,Maintain operational records or records systems.
Robotics Technicians,Fabricate products or components using machine tools.
Robotics Technicians,Prepare procedural documents.
Robotics Technicians,Document design or operational test results.
Robotics Technicians,Create graphical representations of industrial production systems.
Robotics Technicians,Inspect facilities or sites to determine if they meet specifications or standards.
Robotics Technicians,Program robotic equipment.
Robotics Technicians,Program robotic equipment.
Robotics Technicians,Assemble equipment or components.
Robotics Technicians,Design electromechanical equipment or systems.
Robotics Technicians,Assemble equipment or components.
Robotics Technicians,Determine causes of operational problems or failures.
Robotics Technicians,Program robotic equipment.
Robotics Technicians,"Test performance of electrical, electronic, mechanical, or integrated systems or equipment."
Robotics Technicians,Maintain electromechanical equipment.
Robotics Technicians,Program robotic equipment.
Robotics Technicians,Maintain electromechanical equipment.
Robotics Technicians,Install production equipment or systems.
Robotics Technicians,Assemble equipment or components.
Robotics Technicians,Evaluate characteristics of equipment or systems.
Robotics Technicians,Calibrate scientific or technical equipment.
Robotics Technicians,Program robotic equipment.
Robotics Technicians,Operate industrial equipment.
Robotics Technicians,Assemble equipment or components.
Robotics Technicians,Maintain electromechanical equipment.
Robotics Technicians,Repair electronic equipment.
Robotics Technicians,"Maintain inventories of materials, equipment, or products."
Supply Chain Managers,Implement transportation changes to reduce environmental impact.
Supply Chain Managers,Document organizational or operational procedures.
Supply Chain Managers,"Negotiate contracts for transportation, distribution, or logistics services."
Supply Chain Managers,Coordinate with external parties to exchange information.
Supply Chain Managers,Document organizational or operational procedures.
Supply Chain Managers,Implement organizational process or policy changes.
Supply Chain Managers,Develop procedures to evaluate organizational activities.
Supply Chain Managers,Implement organizational process or policy changes.
Supply Chain Managers,"Develop operating strategies, plans, or procedures."
Supply Chain Managers,Confer with organizational members to accomplish work activities.
Supply Chain Managers,Develop organizational goals or objectives.
Supply Chain Managers,Develop procedures to evaluate organizational activities.
Supply Chain Managers,Analyze data to inform operational decisions or activities.
Supply Chain Managers,Analyze data to assess operational or project effectiveness.
Supply Chain Managers,"Manage operations, research, or logistics projects."
Supply Chain Managers,"Develop operating strategies, plans, or procedures."
Supply Chain Managers,Implement organizational process or policy changes.
Supply Chain Managers,Develop organizational methods or procedures.
Supply Chain Managers,Evaluate environmental impact of operational or development activities.
Supply Chain Managers,Implement organizational process or policy changes.
Supply Chain Managers,Develop sustainable organizational policies or practices.
Supply Chain Managers,Implement organizational process or policy changes.
Supply Chain Managers,Develop sustainable organizational policies or practices.
Supply Chain Managers,Evaluate quality of materials or products.
Supply Chain Managers,Develop sustainable organizational policies or practices.
Supply Chain Managers,Identify opportunities for green initiatives.
Supply Chain Managers,Evaluate environmental impact of operational or development activities.
Supply Chain Managers,Identify opportunities for green initiatives.
Supply Chain Managers,Implement organizational process or policy changes.
Supply Chain Managers,Estimate labor requirements.
Supply Chain Managers,Estimate cost or material requirements.
Supply Chain Managers,Manage inventories of products or organizational resources.
Supply Chain Managers,"Manage operations, research, or logistics projects."
Supply Chain Managers,Monitor performance of organizational members or partners.
Supply Chain Managers,Monitor external affairs or events affecting business operations.
Supply Chain Managers,Confer with organizational members to accomplish work activities.
Supply Chain Managers,Estimate cost or material requirements.
Supply Chain Managers,"Evaluate potential of products, technologies, or resources."
Human Resources Managers,Estimate labor requirements.
Human Resources Managers,Prepare operational budgets.
Human Resources Managers,Perform human resources activities.
Human Resources Managers,Administer standardized physical or psychological tests.
Human Resources Managers,Manage human resources activities.
Human Resources Managers,Maintain knowledge of current developments in area of expertise.
Human Resources Managers,Manage human resources activities.
Human Resources Managers,Coordinate special events or programs.
Human Resources Managers,Advise others on career or personal development.
Human Resources Managers,Negotiate sales or lease agreements for products or services.
Human Resources Managers,Manage human resources activities.
Human Resources Managers,Administer compensation or benefits programs.
Human Resources Managers,"Interview employees, customers, or others to collect information."
Human Resources Managers,Hire personnel.
Human Resources Managers,Recruit personnel.
Human Resources Managers,Manage human resources activities.
Human Resources Managers,Communicate organizational policies and procedures.
Human Resources Managers,Manage human resources activities.
Human Resources Managers,Hire personnel.
Human Resources Managers,Recommend organizational process or policy changes.
Human Resources Managers,Advise others on legal or regulatory compliance matters.
Human Resources Managers,Analyze data to inform operational decisions or activities.
Human Resources Managers,Administer compensation or benefits programs.
Human Resources Managers,Conduct employee training programs.
Human Resources Managers,Liaise between departments or other groups to improve function or communication.
Human Resources Managers,Supervise employees.
Human Resources Managers,Manage human resources activities.
Human Resources Managers,Manage human resources activities.
Human Resources Managers,Compile operational data.
Human Resources Managers,Maintain personnel records.
Human Resources Managers,Analyze data to inform personnel decisions.
Human Resources Managers,Manage human resources activities.
Human Resources Managers,"Interview employees, customers, or others to collect information."
Human Resources Managers,Investigate industrial or transportation accidents.
Human Resources Managers,Prepare reports related to compliance matters.
Human Resources Managers,Represent the organization in external relations.
Human Resources Managers,Negotiate labor disputes.
Industrial Production Managers,Conduct environmental audits.
Industrial Production Managers,Design industrial processing systems.
Industrial Production Managers,Direct operational or production activities.
Industrial Production Managers,Respond to emergencies to provide assistance.
Industrial Production Managers,Maintain regulatory or compliance documentation.
Industrial Production Managers,Monitor external affairs or events affecting business operations.
Industrial Production Managers,Implement design or process improvements.
Industrial Production Managers,Prepare operational reports.
Industrial Production Managers,Supervise employees.
Industrial Production Managers,"Direct sales, marketing, or customer service activities."
Industrial Production Managers,"Direct organizational operations, projects, or services."
Industrial Production Managers,Approve expenditures.
Industrial Production Managers,Prepare operational budgets.
Industrial Production Managers,Analyze data to inform operational decisions or activities.
Industrial Production Managers,Monitor organizational procedures to ensure proper functioning.
Industrial Production Managers,Confer with organizational members to accomplish work activities.
Industrial Production Managers,Evaluate employee performance.
Industrial Production Managers,Conduct employee training programs.
Industrial Production Managers,Hire personnel.
Industrial Production Managers,Manage control system activities in organizations.
Industrial Production Managers,Maintain personnel records.
Industrial Production Managers,Prepare operational progress or status reports.
Industrial Production Managers,Evaluate quality of materials or products.
Industrial Production Managers,"Develop operating strategies, plans, or procedures."
Industrial Production Managers,Analyze data to inform operational decisions or activities.
Industrial Production Managers,Implement organizational process or policy changes.
Industrial Production Managers,Develop organizational methods or procedures.
Industrial Production Managers,Develop specifications for new products or processes.
Industrial Production Managers,Confer with organizational members to accomplish work activities.
Industrial Production Managers,Direct facility maintenance or repair activities.
Industrial Production Managers,Recommend organizational process or policy changes.
Industrial Production Managers,Maintain knowledge of current developments in area of expertise.
Industrial Production Managers,Negotiate sales or lease agreements for products or services.
Chemists,Analyze chemical compounds or substances.
Chemists,Develop new or advanced products or production methods.
Chemists,Collaborate on research activities with scientists or technical specialists.
Chemists,Supervise scientific or technical personnel.
Chemists,Analyze chemical compounds or substances.
Chemists,"Establish standards for products, processes, or procedures."
Chemists,Prepare scientific or technical reports or presentations.
Chemists,Research methods to improve food products.
Chemists,Prepare compounds or solutions for products or testing.
Chemists,Maintain laboratory or technical equipment.
Chemists,Test quality of materials or finished products.
Chemists,Monitor operational procedures in technical environments to ensure conformance to standards.
Chemists,Manage scientific or technical project resources.
Chemical Engineers,Determine causes of operational problems or failures.
Chemical Engineers,Evaluate characteristics of equipment or systems.
Chemical Engineers,Monitor the productivity or efficiency of industrial operations.
Chemical Engineers,Conduct validation tests of equipment or processes.
Chemical Engineers,Research engineering aspects of biological or chemical processes.
Chemical Engineers,Determine operational methods.
Chemical Engineers,Estimate operational costs.
Chemical Engineers,Prepare operational reports.
Chemical Engineers,Direct industrial production activities.
Chemical Engineers,Research industrial processes or operations.
Chemical Engineers,Conduct validation tests of equipment or processes.
Chemical Engineers,Develop technical methods or processes.
Chemical Engineers,Research engineering aspects of biological or chemical processes.
Chemical Engineers,Design control systems for mechanical or other equipment.
Chemical Engineers,Design industrial processing systems.
Logistics Engineers,Advise others on logistics topics.
Logistics Engineers,Identify opportunities to improve operational efficiency.
Logistics Engineers,"Analyze jobs using observation, survey, or interview techniques."
Logistics Engineers,Supervise employees.
Logistics Engineers,Plan facility layouts or designs.
Logistics Engineers,Develop technical specifications for systems or equipment.
Logistics Engineers,Analyze logistics processes.
Logistics Engineers,Maintain data in information systems or databases.
Logistics Engineers,Identify opportunities to improve operational efficiency.
Logistics Engineers,Establish organizational guidelines or policies.
Logistics Engineers,Estimate costs of goods or services.
Logistics Engineers,"Assess the cost effectiveness of products, projects, or services."
Logistics Engineers,Analyze logistics processes.
Logistics Engineers,Analyze logistics processes.
Logistics Engineers,Analyze logistics processes.
Logistics Engineers,Advise others on logistics topics.
Logistics Engineers,Analyze logistics processes.
Logistics Engineers,Apply mathematical models of financial or business conditions.
Logistics Engineers,Analyze logistics processes.
Logistics Engineers,Develop business or financial information systems.
Logistics Engineers,Identify opportunities to improve operational efficiency.
Logistics Engineers,Evaluate logistics methods to reduce environmental impact.
Logistics Engineers,Develop business or market strategies.
Logistics Engineers,Evaluate logistics methods to reduce environmental impact.
Logistics Engineers,Develop sustainable business strategies or practices.
Logistics Engineers,Prepare financial documents.
Logistics Engineers,Evaluate logistics methods to reduce environmental impact.
Logistics Engineers,Apply mathematical models of financial or business conditions.
Logistics Engineers,Evaluate logistics methods to reduce environmental impact.
Logistics Engineers,Analyze environmental regulations to ensure organizational compliance.
Logistics Engineers,Analyze logistics processes.
Logistics Engineers,Develop sustainable business strategies or practices.
Logistics Engineers,Prepare financial documents.
Logistics Engineers,Evaluate logistics methods to reduce environmental impact.
Validation Engineers,Conduct validation tests of equipment or processes.
Validation Engineers,Devise research or testing protocols.
Validation Engineers,Prepare detailed work plans.
Validation Engineers,Devise research or testing protocols.
Validation Engineers,Analyze test or validation data.
Validation Engineers,Inspect operational processes.
Validation Engineers,Operate computer systems.
Validation Engineers,Direct quality control activities.
Validation Engineers,Document technical design details.
Validation Engineers,Resolve operational performance problems.
Validation Engineers,Train personnel on proper operational procedures.
Validation Engineers,"Communicate technical information to suppliers, contractors, or regulatory agencies."
Validation Engineers,Direct quality control activities.
Validation Engineers,Maintain test equipment.
Validation Engineers,Update technical knowledge.
Validation Engineers,Maintain operational records or records systems.
Validation Engineers,Document technical design details.
Validation Engineers,Conduct validation tests of equipment or processes.
Validation Engineers,Conduct validation tests of equipment or processes.
Validation Engineers,Review technical documents to plan work.
Validation Engineers,Inspect finished products to locate flaws.
Validation Engineers,"Recommend technical design or process changes to improve efficiency, quality, or performance."
Validation Engineers,Collect samples of raw materials or finished products.
Validation Engineers,Design electronic or computer equipment or instrumentation.
Biochemists and Biophysicists,Prepare scientific or technical reports or presentations.
Biochemists and Biophysicists,Develop biological research methods.
Biochemists and Biophysicists,Supervise scientific or technical personnel.
Biochemists and Biophysicists,Prepare scientific or technical reports or presentations.
Biochemists and Biophysicists,Research diseases or parasites.
Biochemists and Biophysicists,Develop biological research methods.
Biochemists and Biophysicists,Develop new or advanced products or production methods.
Biochemists and Biophysicists,Research diseases or parasites.
Biochemists and Biophysicists,Research microbiological or chemical processes or structures.
Biochemists and Biophysicists,Research microbiological or chemical processes or structures.
Biochemists and Biophysicists,Analyze biological samples.
Biochemists and Biophysicists,Prepare compounds or solutions for products or testing.
Biochemists and Biophysicists,Research microbiological or chemical processes or structures.
Biochemists and Biophysicists,Research genetic characteristics or expression.
Biochemists and Biophysicists,Research methods to improve food products.
Biochemists and Biophysicists,Research genetic characteristics or expression.
Biochemists and Biophysicists,Research microbiological or chemical processes or structures.
Biochemists and Biophysicists,Prepare compounds or solutions for products or testing.
Biochemists and Biophysicists,Analyze biological samples.
Biochemists and Biophysicists,Design research studies to obtain scientific information.
Biochemists and Biophysicists,Instruct college students in physical or life sciences.
Biochemists and Biophysicists,Research microbiological or chemical processes or structures.
Biochemists and Biophysicists,Research microbiological or chemical processes or structures.
Biochemists and Biophysicists,Set up laboratory or field equipment.
Biochemists and Biophysicists,Write grant proposals.
Microbiologists,"Cultivate micro-organisms for study, testing, or medical preparations."
Microbiologists,Prepare biological samples for testing or analysis.
Microbiologists,Monitor environmental impacts of production or development activities.
Microbiologists,Inspect condition of natural environments.
Microbiologists,Develop new or advanced products or production methods.
Microbiologists,Classify organisms based on their characteristics or behavior.
Microbiologists,Analyze biological samples.
Microbiologists,Analyze biological samples.
Microbiologists,Examine characteristics or behavior of living organisms.
Microbiologists,Research diseases or parasites.
Microbiologists,Supervise scientific or technical personnel.
Microbiologists,Research microbiological or chemical processes or structures.
Microbiologists,Prepare scientific or technical reports or presentations.
Microbiologists,Research microbiological or chemical processes or structures.
Microbiologists,Operate laboratory or field equipment.
Microbiologists,Analyze chemical compounds or substances.
Microbiologists,Develop new or advanced products or production methods.
Quality Control Systems Managers,Inspect condition or functioning of facilities or equipment.
Quality Control Systems Managers,Direct operational or production activities.
Quality Control Systems Managers,Review details of technical drawings or specifications.
Quality Control Systems Managers,Maintain knowledge of current developments in area of expertise.
Quality Control Systems Managers,Prepare operational budgets.
Quality Control Systems Managers,Evaluate new technologies or methods.
Quality Control Systems Managers,Manage control system activities in organizations.
Quality Control Systems Managers,Evaluate quality of materials or products.
Quality Control Systems Managers,Inspect condition or functioning of facilities or equipment.
Quality Control Systems Managers,Evaluate quality of materials or products.
Quality Control Systems Managers,Review documents or materials for compliance with policies or regulations.
Quality Control Systems Managers,Document organizational or operational procedures.
Quality Control Systems Managers,Prepare operational progress or status reports.
Quality Control Systems Managers,Develop specifications for new products or processes.
Quality Control Systems Managers,Monitor facilities or operational systems.
Quality Control Systems Managers,Advise customers on technical or procedural issues.
Quality Control Systems Managers,Analyze data to assess operational or project effectiveness.
Quality Control Systems Managers,Recommend organizational process or policy changes.
Quality Control Systems Managers,Conduct employee training programs.
Quality Control Systems Managers,Develop organizational methods or procedures.
Quality Control Systems Managers,Document organizational or operational procedures.
Quality Control Systems Managers,"Direct organizational operations, projects, or services."
Quality Control Systems Managers,Implement organizational process or policy changes.
Quality Control Systems Managers,"Develop operating strategies, plans, or procedures."
Quality Control Systems Managers,Confer with organizational members to accomplish work activities.
Quality Control Systems Managers,Communicate organizational policies and procedures.
Quality Control Systems Managers,Communicate organizational information to customers or other stakeholders.
Quality Control Systems Managers,Analyze data to inform operational decisions or activities.
Quality Control Systems Managers,Confer with organizational members to accomplish work activities.
Quality Control Systems Managers,Supervise employees.
Quality Control Systems Managers,Monitor organizational procedures to ensure proper functioning.
Quality Control Systems Managers,Manage control system activities in organizations.
