model,preset,k,P@k,R@k,F1@k,nDCG@k,MAP@k,MRR,coverage_rel@k,coverage_any@k,queries
embedding_data_deberta_sentence_transformer,A_semantic_only,1,0.15384615384615385,0.07692307692307693,0.10256410256410256,0.15384615384615385,0.15384615384615385,0.20947293447293447,0.15384615384615385,1.0,39
embedding_data_deberta_sentence_transformer,A_semantic_only,3,0.06837606837606837,0.10256410256410256,0.08205128205128205,0.16796539853127296,0.09188034188034187,0.20947293447293447,0.1794871794871795,1.0,39
embedding_data_deberta_sentence_transformer,A_semantic_only,5,0.06153846153846155,0.15384615384615385,0.08791208791208792,0.20492898533413892,0.10277777777777776,0.20947293447293447,0.28205128205128205,1.0,39
embedding_data_deberta_sentence_transformer,A_semantic_only,10,0.051282051282051294,0.2564102564102564,0.08547008547008546,0.26132938304266123,0.11869658119658119,0.20947293447293447,0.4358974358974359,1.0,39
embedding_data_deberta_sentence_transformer,B_hybrid_light,1,0.1794871794871795,0.08974358974358974,0.11965811965811965,0.1794871794871795,0.1794871794871795,0.25366300366300365,0.1794871794871795,1.0,39
embedding_data_deberta_sentence_transformer,B_hybrid_light,3,0.1111111111111111,0.16666666666666666,0.13333333333333336,0.23496917270474627,0.11752136752136752,0.25366300366300365,0.3333333333333333,1.0,39
embedding_data_deberta_sentence_transformer,B_hybrid_light,5,0.07692307692307693,0.19230769230769232,0.10989010989010992,0.25209415400840496,0.12585470085470085,0.25366300366300365,0.358974358974359,1.0,39
embedding_data_deberta_sentence_transformer,B_hybrid_light,10,0.05384615384615385,0.2692307692307692,0.08974358974358976,0.2935602107151611,0.1412189662189662,0.25366300366300365,0.4358974358974359,1.0,39
embedding_data_deberta_sentence_transformer,C_lex_sem_strong,1,0.20512820512820512,0.10256410256410256,0.13675213675213674,0.20512820512820512,0.20512820512820512,0.3194342694342694,0.20512820512820512,1.0,39
embedding_data_deberta_sentence_transformer,C_lex_sem_strong,3,0.11965811965811965,0.1794871794871795,0.1435897435897436,0.26648177591575317,0.13888888888888887,0.3194342694342694,0.358974358974359,1.0,39
embedding_data_deberta_sentence_transformer,C_lex_sem_strong,5,0.1076923076923077,0.2692307692307692,0.15384615384615388,0.31992098510970957,0.16773504273504272,0.3194342694342694,0.46153846153846156,1.0,39
embedding_data_deberta_sentence_transformer,C_lex_sem_strong,10,0.07435897435897437,0.3717948717948718,0.12393162393162396,0.3775190470460826,0.18777981277981276,0.3194342694342694,0.5897435897435898,1.0,39
embedding_data_deberta_sentence_transformer,D_zfilter,1,0.1794871794871795,0.08974358974358974,0.11965811965811965,0.1794871794871795,0.1794871794871795,0.26904761904761904,0.1794871794871795,1.0,39
embedding_data_deberta_sentence_transformer,D_zfilter,3,0.1282051282051282,0.19230769230769232,0.15384615384615388,0.26396737151427085,0.1282051282051282,0.26904761904761904,0.38461538461538464,1.0,39
embedding_data_deberta_sentence_transformer,D_zfilter,5,0.08717948717948719,0.21794871794871795,0.12454212454212456,0.2810923528179295,0.13653846153846153,0.26904761904761904,0.41025641025641024,1.0,39
embedding_data_deberta_sentence_transformer,D_zfilter,10,0.05641025641025642,0.28205128205128205,0.09401709401709402,0.31285169634806137,0.1507936507936508,0.26904761904761904,0.46153846153846156,1.0,39
embedding_data_deberta_sentence_transformer,E_diversity,1,0.1794871794871795,0.08974358974358974,0.11965811965811965,0.1794871794871795,0.1794871794871795,0.2515262515262515,0.1794871794871795,1.0,39
embedding_data_deberta_sentence_transformer,E_diversity,3,0.10256410256410256,0.15384615384615385,0.1230769230769231,0.22214865988423346,0.11324786324786323,0.2515262515262515,0.3076923076923077,1.0,39
embedding_data_deberta_sentence_transformer,E_diversity,5,0.07179487179487182,0.1794871794871795,0.10256410256410256,0.24423463722133051,0.11965811965811965,0.2515262515262515,0.358974358974359,1.0,39
embedding_data_deberta_sentence_transformer,E_diversity,10,0.05384615384615385,0.2692307692307692,0.08974358974358976,0.2908858303379569,0.13865486365486365,0.2515262515262515,0.4358974358974359,1.0,39
embedding_data_deberta_sentence_transformer,F_recall_first,1,0.1794871794871795,0.08974358974358974,0.11965811965811965,0.1794871794871795,0.1794871794871795,0.2557997557997558,0.1794871794871795,1.0,39
embedding_data_deberta_sentence_transformer,F_recall_first,3,0.10256410256410256,0.15384615384615385,0.1230769230769231,0.22710831125903524,0.11324786324786323,0.2557997557997558,0.3076923076923077,1.0,39
embedding_data_deberta_sentence_transformer,F_recall_first,5,0.09230769230769233,0.23076923076923078,0.13186813186813187,0.2791722400367625,0.1363247863247863,0.2557997557997558,0.41025641025641024,1.0,39
embedding_data_deberta_sentence_transformer,F_recall_first,10,0.05384615384615385,0.2692307692307692,0.08974358974358976,0.2976385513333747,0.14456654456654455,0.2557997557997558,0.4358974358974359,1.0,39
embedding_data_deberta_sentence_transformer,G_mnn_heavy,1,0.1794871794871795,0.08974358974358974,0.11965811965811965,0.1794871794871795,0.1794871794871795,0.2636752136752137,0.1794871794871795,1.0,39
embedding_data_deberta_sentence_transformer,G_mnn_heavy,3,0.11965811965811965,0.1794871794871795,0.1435897435897436,0.2498481268291517,0.12393162393162392,0.2636752136752137,0.358974358974359,1.0,39
embedding_data_deberta_sentence_transformer,G_mnn_heavy,5,0.08717948717948719,0.21794871794871795,0.12454212454212456,0.27689241088241406,0.13482905982905982,0.2636752136752137,0.41025641025641024,1.0,39
embedding_data_deberta_sentence_transformer,G_mnn_heavy,10,0.05384615384615385,0.2692307692307692,0.08974358974358976,0.3009048826249739,0.1465811965811966,0.2636752136752137,0.4358974358974359,1.0,39
embedding_data_deberta_sentence_transformer,H_zfilter,1,0.1794871794871795,0.08974358974358974,0.11965811965811965,0.1794871794871795,0.1794871794871795,0.24123931623931624,0.1794871794871795,1.0,39
embedding_data_deberta_sentence_transformer,H_zfilter,3,0.094017094017094,0.14102564102564102,0.11282051282051284,0.2291667525629279,0.10897435897435898,0.24123931623931624,0.28205128205128205,1.0,39
embedding_data_deberta_sentence_transformer,H_zfilter,5,0.06666666666666668,0.16666666666666666,0.09523809523809525,0.2458570328143928,0.11474358974358974,0.24123931623931624,0.3333333333333333,1.0,39
embedding_data_deberta_sentence_transformer,H_zfilter,10,0.048717948717948725,0.24358974358974358,0.0811965811965812,0.28374519515001373,0.13059116809116808,0.24123931623931624,0.41025641025641024,1.0,39
embedding_data_deberta_sentence_transformer,I_short_skills_bias,1,0.1794871794871795,0.08974358974358974,0.11965811965811965,0.1794871794871795,0.1794871794871795,0.273962148962149,0.1794871794871795,1.0,39
embedding_data_deberta_sentence_transformer,I_short_skills_bias,3,0.1282051282051282,0.19230769230769232,0.15384615384615388,0.26602581281816345,0.13034188034188032,0.273962148962149,0.38461538461538464,1.0,39
embedding_data_deberta_sentence_transformer,I_short_skills_bias,5,0.08717948717948719,0.21794871794871795,0.12454212454212456,0.28315079412182215,0.13867521367521368,0.273962148962149,0.41025641025641024,1.0,39
embedding_data_deberta_sentence_transformer,I_short_skills_bias,10,0.05641025641025642,0.28205128205128205,0.09401709401709402,0.3155870620229243,0.15325091575091576,0.273962148962149,0.46153846153846156,1.0,39
embedding_data_deberta_sentence_transformer,J_char_heavy,1,0.20512820512820512,0.10256410256410256,0.13675213675213674,0.20512820512820512,0.20512820512820512,0.3106125356125356,0.20512820512820512,1.0,39
embedding_data_deberta_sentence_transformer,J_char_heavy,3,0.11965811965811965,0.1794871794871795,0.1435897435897436,0.26152212454095136,0.13888888888888887,0.3106125356125356,0.358974358974359,1.0,39
embedding_data_deberta_sentence_transformer,J_char_heavy,5,0.09230769230769233,0.23076923076923078,0.13186813186813187,0.29577208714826875,0.15555555555555556,0.3106125356125356,0.41025641025641024,1.0,39
embedding_data_deberta_sentence_transformer,J_char_heavy,10,0.06923076923076925,0.34615384615384615,0.1153846153846154,0.36036268175950775,0.17606328856328857,0.3106125356125356,0.5641025641025641,1.0,39
sentence_transformers_all_MiniLM_L6_v2,A_semantic_only,1,0.3333333333333333,0.16666666666666666,0.2222222222222222,0.3333333333333333,0.3333333333333333,0.4682336182336182,0.3333333333333333,1.0,39
sentence_transformers_all_MiniLM_L6_v2,A_semantic_only,3,0.19658119658119655,0.2948717948717949,0.23589743589743592,0.4191122572250309,0.22649572649572652,0.4682336182336182,0.5384615384615384,1.0,39
sentence_transformers_all_MiniLM_L6_v2,A_semantic_only,5,0.15897435897435902,0.3974358974358974,0.22710622710622716,0.500247798702091,0.25277777777777777,0.4682336182336182,0.717948717948718,1.0,39
sentence_transformers_all_MiniLM_L6_v2,A_semantic_only,10,0.09230769230769233,0.46153846153846156,0.15384615384615388,0.5319775321162906,0.26602564102564097,0.4682336182336182,0.7692307692307693,1.0,39
sentence_transformers_all_MiniLM_L6_v2,B_hybrid_light,1,0.358974358974359,0.1794871794871795,0.2393162393162393,0.358974358974359,0.358974358974359,0.5055860805860806,0.358974358974359,1.0,39
sentence_transformers_all_MiniLM_L6_v2,B_hybrid_light,3,0.23931623931623933,0.358974358974359,0.28717948717948727,0.44139610969755766,0.27991452991452986,0.5055860805860806,0.6153846153846154,1.0,39
sentence_transformers_all_MiniLM_L6_v2,B_hybrid_light,5,0.20000000000000004,0.5,0.28571428571428586,0.5315446218798225,0.32414529914529905,0.5055860805860806,0.7692307692307693,1.0,39
sentence_transformers_all_MiniLM_L6_v2,B_hybrid_light,10,0.12051282051282047,0.6025641025641025,0.2008547008547009,0.5846184968836065,0.3439204314204314,0.5055860805860806,0.8717948717948718,1.0,39
sentence_transformers_all_MiniLM_L6_v2,C_lex_sem_strong,1,0.3333333333333333,0.16666666666666666,0.2222222222222222,0.3333333333333333,0.3333333333333333,0.49785307285307284,0.3333333333333333,1.0,39
sentence_transformers_all_MiniLM_L6_v2,C_lex_sem_strong,3,0.23931623931623933,0.358974358974359,0.28717948717948727,0.45512854871324987,0.26923076923076916,0.49785307285307284,0.6410256410256411,1.0,39
sentence_transformers_all_MiniLM_L6_v2,C_lex_sem_strong,5,0.16923076923076927,0.4230769230769231,0.24175824175824182,0.4964037726369861,0.29423076923076924,0.49785307285307284,0.6923076923076923,1.0,39
sentence_transformers_all_MiniLM_L6_v2,C_lex_sem_strong,10,0.11282051282051278,0.5641025641025641,0.1880341880341881,0.5763320942936222,0.3214234839234839,0.49785307285307284,0.8717948717948718,1.0,39
sentence_transformers_all_MiniLM_L6_v2,D_zfilter,1,0.358974358974359,0.1794871794871795,0.2393162393162393,0.358974358974359,0.358974358974359,0.5071530321530321,0.358974358974359,1.0,39
sentence_transformers_all_MiniLM_L6_v2,D_zfilter,3,0.2478632478632479,0.3717948717948718,0.2974358974358975,0.4575737956865694,0.28632478632478625,0.5071530321530321,0.6410256410256411,1.0,39
sentence_transformers_all_MiniLM_L6_v2,D_zfilter,5,0.18974358974358976,0.47435897435897434,0.27106227106227115,0.5245153339300654,0.31965811965811963,0.5071530321530321,0.7435897435897436,1.0,39
sentence_transformers_all_MiniLM_L6_v2,D_zfilter,10,0.11538461538461534,0.5769230769230769,0.19230769230769235,0.5791231050521664,0.3416107041107041,0.5071530321530321,0.8461538461538461,1.0,39
sentence_transformers_all_MiniLM_L6_v2,E_diversity,1,0.358974358974359,0.1794871794871795,0.2393162393162393,0.358974358974359,0.358974358974359,0.5186914936914936,0.358974358974359,1.0,39
sentence_transformers_all_MiniLM_L6_v2,E_diversity,3,0.24786324786324784,0.3717948717948718,0.29743589743589743,0.4282718505353482,0.2948717948717948,0.5186914936914936,0.6153846153846154,1.0,39
sentence_transformers_all_MiniLM_L6_v2,E_diversity,5,0.2,0.5,0.2857142857142858,0.5044833326158799,0.3352564102564102,0.5186914936914936,0.7692307692307693,1.0,39
sentence_transformers_all_MiniLM_L6_v2,E_diversity,10,0.13333333333333333,0.6666666666666666,0.22222222222222227,0.5835656600138471,0.3728378103378103,0.5186914936914936,0.8717948717948718,1.0,39
sentence_transformers_all_MiniLM_L6_v2,F_recall_first,1,0.358974358974359,0.1794871794871795,0.2393162393162393,0.358974358974359,0.358974358974359,0.49668294668294666,0.358974358974359,1.0,39
sentence_transformers_all_MiniLM_L6_v2,F_recall_first,3,0.23076923076923078,0.34615384615384615,0.276923076923077,0.45101166610546467,0.2670940170940171,0.49668294668294666,0.6153846153846154,1.0,39
sentence_transformers_all_MiniLM_L6_v2,F_recall_first,5,0.16923076923076924,0.4230769230769231,0.24175824175824182,0.49340788663087254,0.29594017094017094,0.49668294668294666,0.6666666666666666,1.0,39
sentence_transformers_all_MiniLM_L6_v2,F_recall_first,10,0.1076923076923077,0.5384615384615384,0.17948717948717952,0.5561366445349117,0.31724664224664234,0.49668294668294666,0.7948717948717948,1.0,39
sentence_transformers_all_MiniLM_L6_v2,G_mnn_heavy,1,0.358974358974359,0.1794871794871795,0.2393162393162393,0.358974358974359,0.358974358974359,0.5089336589336588,0.358974358974359,1.0,39
sentence_transformers_all_MiniLM_L6_v2,G_mnn_heavy,3,0.2478632478632479,0.3717948717948718,0.2974358974358975,0.4575737956865694,0.28632478632478625,0.5089336589336588,0.6410256410256411,1.0,39
sentence_transformers_all_MiniLM_L6_v2,G_mnn_heavy,5,0.18974358974358976,0.47435897435897434,0.2710622710622712,0.5252043187968166,0.3177350427350427,0.5089336589336588,0.7692307692307693,1.0,39
sentence_transformers_all_MiniLM_L6_v2,G_mnn_heavy,10,0.11794871794871792,0.5897435897435898,0.1965811965811966,0.5794530792251192,0.3425315425315425,0.5089336589336588,0.8461538461538461,1.0,39
sentence_transformers_all_MiniLM_L6_v2,H_zfilter,1,0.3333333333333333,0.16666666666666666,0.2222222222222222,0.3333333333333333,0.3333333333333333,0.5047313797313797,0.3333333333333333,1.0,39
sentence_transformers_all_MiniLM_L6_v2,H_zfilter,3,0.25641025641025644,0.38461538461538464,0.30769230769230776,0.45146762920305444,0.2927350427350427,0.5047313797313797,0.6410256410256411,1.0,39
sentence_transformers_all_MiniLM_L6_v2,H_zfilter,5,0.1948717948717949,0.48717948717948717,0.2783882783882785,0.5121125169510659,0.3241452991452991,0.5047313797313797,0.7692307692307693,1.0,39
sentence_transformers_all_MiniLM_L6_v2,H_zfilter,10,0.12307692307692307,0.6153846153846154,0.20512820512820518,0.5651303492866954,0.35338319088319087,0.5047313797313797,0.8205128205128205,1.0,39
sentence_transformers_all_MiniLM_L6_v2,I_short_skills_bias,1,0.3333333333333333,0.16666666666666666,0.2222222222222222,0.3333333333333333,0.3333333333333333,0.5092897842897842,0.3333333333333333,1.0,39
sentence_transformers_all_MiniLM_L6_v2,I_short_skills_bias,3,0.2564102564102564,0.38461538461538464,0.30769230769230776,0.4697037564959587,0.29059829059829057,0.5092897842897842,0.6666666666666666,1.0,39
sentence_transformers_all_MiniLM_L6_v2,I_short_skills_bias,5,0.18461538461538465,0.46153846153846156,0.26373626373626385,0.5195203134357962,0.3155982905982906,0.5092897842897842,0.7435897435897436,1.0,39
sentence_transformers_all_MiniLM_L6_v2,I_short_skills_bias,10,0.11794871794871792,0.5897435897435898,0.19658119658119663,0.5802867089755183,0.3427096052096052,0.5092897842897842,0.8461538461538461,1.0,39
sentence_transformers_all_MiniLM_L6_v2,J_char_heavy,1,0.3076923076923077,0.15384615384615385,0.20512820512820512,0.3076923076923077,0.3076923076923077,0.49874847374847364,0.3076923076923077,1.0,39
sentence_transformers_all_MiniLM_L6_v2,J_char_heavy,3,0.2564102564102564,0.38461538461538464,0.30769230769230776,0.4639013363541403,0.2841880341880342,0.49874847374847364,0.6666666666666666,1.0,39
sentence_transformers_all_MiniLM_L6_v2,J_char_heavy,5,0.18974358974358976,0.47435897435897434,0.2710622710622712,0.5236371960435813,0.31175213675213675,0.49874847374847364,0.7692307692307693,1.0,39
sentence_transformers_all_MiniLM_L6_v2,J_char_heavy,10,0.11794871794871792,0.5897435897435898,0.19658119658119663,0.5768765944334754,0.3379985754985755,0.49874847374847364,0.8461538461538461,1.0,39
sentence_transformers_all_distilroberta_v1,A_semantic_only,1,0.28205128205128205,0.14102564102564102,0.18803418803418803,0.28205128205128205,0.28205128205128205,0.3611009361009361,0.28205128205128205,1.0,39
sentence_transformers_all_distilroberta_v1,A_semantic_only,3,0.11965811965811965,0.1794871794871795,0.1435897435897436,0.29571456363881143,0.15811965811965814,0.3611009361009361,0.3333333333333333,1.0,39
sentence_transformers_all_distilroberta_v1,A_semantic_only,5,0.09743589743589745,0.24358974358974358,0.13919413919413923,0.34259745319128104,0.17414529914529916,0.3611009361009361,0.4358974358974359,1.0,39
sentence_transformers_all_distilroberta_v1,A_semantic_only,10,0.0794871794871795,0.3974358974358974,0.1324786324786325,0.4379504727941216,0.19743080993080991,0.3611009361009361,0.717948717948718,1.0,39
sentence_transformers_all_distilroberta_v1,B_hybrid_light,1,0.3076923076923077,0.15384615384615385,0.20512820512820512,0.3076923076923077,0.3076923076923077,0.5098290598290598,0.3076923076923077,1.0,39
sentence_transformers_all_distilroberta_v1,B_hybrid_light,3,0.26495726495726496,0.3974358974358974,0.317948717948718,0.4642881420235672,0.2799145299145299,0.5098290598290598,0.6666666666666666,1.0,39
sentence_transformers_all_distilroberta_v1,B_hybrid_light,5,0.21025641025641023,0.5256410256410257,0.3003663003663005,0.5467962745995834,0.3164529914529914,0.5098290598290598,0.8461538461538461,1.0,39
sentence_transformers_all_distilroberta_v1,B_hybrid_light,10,0.1282051282051282,0.6410256410256411,0.2136752136752137,0.5941245866879173,0.34176841676841674,0.5098290598290598,0.8974358974358975,1.0,39
sentence_transformers_all_distilroberta_v1,C_lex_sem_strong,1,0.38461538461538464,0.19230769230769232,0.2564102564102564,0.38461538461538464,0.38461538461538464,0.5421652421652422,0.38461538461538464,1.0,39
sentence_transformers_all_distilroberta_v1,C_lex_sem_strong,3,0.23931623931623933,0.358974358974359,0.2871794871794872,0.4645918883652638,0.2948717948717949,0.5421652421652422,0.5897435897435898,1.0,39
sentence_transformers_all_distilroberta_v1,C_lex_sem_strong,5,0.1948717948717949,0.48717948717948717,0.27838827838827856,0.5581456989271018,0.3301282051282051,0.5421652421652422,0.7948717948717948,1.0,39
sentence_transformers_all_distilroberta_v1,C_lex_sem_strong,10,0.123076923076923,0.6153846153846154,0.20512820512820518,0.6196685904922768,0.3533068783068783,0.5421652421652422,0.9230769230769231,1.0,39
sentence_transformers_all_distilroberta_v1,D_zfilter,1,0.3333333333333333,0.16666666666666666,0.2222222222222222,0.3333333333333333,0.3333333333333333,0.5199023199023198,0.3333333333333333,1.0,39
sentence_transformers_all_distilroberta_v1,D_zfilter,3,0.2564102564102564,0.38461538461538464,0.30769230769230776,0.46924779339836914,0.2863247863247863,0.5199023199023198,0.6410256410256411,1.0,39
sentence_transformers_all_distilroberta_v1,D_zfilter,5,0.21025641025641023,0.5256410256410257,0.3003663003663005,0.5650462864808237,0.32735042735042735,0.5199023199023198,0.8461538461538461,1.0,39
sentence_transformers_all_distilroberta_v1,D_zfilter,10,0.12307692307692306,0.6153846153846154,0.20512820512820512,0.5992298140684389,0.34716117216117215,0.5199023199023198,0.8717948717948718,1.0,39
sentence_transformers_all_distilroberta_v1,E_diversity,1,0.3076923076923077,0.15384615384615385,0.20512820512820512,0.3076923076923077,0.3076923076923077,0.5049450549450548,0.3076923076923077,1.0,39
sentence_transformers_all_distilroberta_v1,E_diversity,3,0.26495726495726496,0.3974358974358974,0.317948717948718,0.44520924596364625,0.28846153846153844,0.5049450549450548,0.6410256410256411,1.0,39
sentence_transformers_all_distilroberta_v1,E_diversity,5,0.18974358974358976,0.47435897435897434,0.2710622710622712,0.5017994697226182,0.31346153846153846,0.5049450549450548,0.7435897435897436,1.0,39
sentence_transformers_all_distilroberta_v1,E_diversity,10,0.13333333333333333,0.6666666666666666,0.2222222222222223,0.5879501619417304,0.35318477818477817,0.5049450549450548,0.8974358974358975,1.0,39
sentence_transformers_all_distilroberta_v1,F_recall_first,1,0.3076923076923077,0.15384615384615385,0.20512820512820512,0.3076923076923077,0.3076923076923077,0.4730667480667481,0.3076923076923077,1.0,39
sentence_transformers_all_distilroberta_v1,F_recall_first,3,0.2051282051282051,0.3076923076923077,0.2461538461538462,0.4020918024690026,0.2329059829059829,0.4730667480667481,0.5384615384615384,1.0,39
sentence_transformers_all_distilroberta_v1,F_recall_first,5,0.17948717948717952,0.44871794871794873,0.2564102564102565,0.5035402764516467,0.2784188034188034,0.4730667480667481,0.717948717948718,1.0,39
sentence_transformers_all_distilroberta_v1,F_recall_first,10,0.11282051282051278,0.5641025641025641,0.1880341880341881,0.5685865935493567,0.296504884004884,0.4730667480667481,0.8974358974358975,1.0,39
sentence_transformers_all_distilroberta_v1,G_mnn_heavy,1,0.3333333333333333,0.16666666666666666,0.2222222222222222,0.3333333333333333,0.3333333333333333,0.5190476190476191,0.3333333333333333,1.0,39
sentence_transformers_all_distilroberta_v1,G_mnn_heavy,3,0.2478632478632479,0.3717948717948718,0.2974358974358975,0.46764531519206615,0.28205128205128205,0.5190476190476191,0.6153846153846154,1.0,39
sentence_transformers_all_distilroberta_v1,G_mnn_heavy,5,0.21538461538461534,0.5384615384615384,0.3076923076923078,0.5751730924925473,0.33076923076923076,0.5190476190476191,0.8461538461538461,1.0,39
sentence_transformers_all_distilroberta_v1,G_mnn_heavy,10,0.12307692307692306,0.6153846153846154,0.20512820512820518,0.6067952542327223,0.3453500203500203,0.5190476190476191,0.8974358974358975,1.0,39
sentence_transformers_all_distilroberta_v1,H_zfilter,1,0.3076923076923077,0.15384615384615385,0.20512820512820512,0.3076923076923077,0.3076923076923077,0.48956043956043954,0.3076923076923077,1.0,39
sentence_transformers_all_distilroberta_v1,H_zfilter,3,0.2564102564102564,0.38461538461538464,0.30769230769230776,0.4397936314912547,0.2735042735042735,0.48956043956043954,0.6410256410256411,1.0,39
sentence_transformers_all_distilroberta_v1,H_zfilter,5,0.20512820512820512,0.5128205128205128,0.29304029304029316,0.5180297529005836,0.310042735042735,0.48956043956043954,0.8205128205128205,1.0,39
sentence_transformers_all_distilroberta_v1,H_zfilter,10,0.12564102564102564,0.6282051282051282,0.20940170940170943,0.571122359723575,0.3376170126170126,0.48956043956043954,0.8717948717948718,1.0,39
sentence_transformers_all_distilroberta_v1,I_short_skills_bias,1,0.358974358974359,0.1794871794871795,0.2393162393162393,0.358974358974359,0.358974358974359,0.5327228327228327,0.358974358974359,1.0,39
sentence_transformers_all_distilroberta_v1,I_short_skills_bias,3,0.2564102564102564,0.38461538461538464,0.30769230769230776,0.47871113305038304,0.2927350427350427,0.5327228327228327,0.6410256410256411,1.0,39
sentence_transformers_all_distilroberta_v1,I_short_skills_bias,5,0.21025641025641023,0.5256410256410257,0.3003663003663005,0.5745096261328376,0.33376068376068374,0.5327228327228327,0.8461538461538461,1.0,39
sentence_transformers_all_distilroberta_v1,I_short_skills_bias,10,0.12307692307692306,0.6153846153846154,0.20512820512820512,0.608881266797261,0.35385632885632884,0.5327228327228327,0.8717948717948718,1.0,39
sentence_transformers_all_distilroberta_v1,J_char_heavy,1,0.358974358974359,0.1794871794871795,0.2393162393162393,0.358974358974359,0.358974358974359,0.5323361823361823,0.358974358974359,1.0,39
sentence_transformers_all_distilroberta_v1,J_char_heavy,3,0.27350427350427353,0.41025641025641024,0.32820512820512826,0.5014509486204994,0.3098290598290598,0.5323361823361823,0.6666666666666666,1.0,39
sentence_transformers_all_distilroberta_v1,J_char_heavy,5,0.2,0.5,0.28571428571428586,0.5634341801478303,0.3361111111111111,0.5323361823361823,0.7948717948717948,1.0,39
sentence_transformers_all_distilroberta_v1,J_char_heavy,10,0.12307692307692306,0.6153846153846154,0.20512820512820512,0.6121633029644371,0.36031746031746026,0.5323361823361823,0.8717948717948718,1.0,39
sentence_transformers_all_mpnet_base_v2,A_semantic_only,1,0.3333333333333333,0.16666666666666666,0.2222222222222222,0.3333333333333333,0.3333333333333333,0.3820512820512821,0.3333333333333333,1.0,39
sentence_transformers_all_mpnet_base_v2,A_semantic_only,3,0.1282051282051282,0.19230769230769232,0.15384615384615388,0.32425679935074625,0.1794871794871795,0.3820512820512821,0.358974358974359,1.0,39
sentence_transformers_all_mpnet_base_v2,A_semantic_only,5,0.09230769230769233,0.23076923076923078,0.1318681318681319,0.34634008737057026,0.18717948717948718,0.3820512820512821,0.4358974358974359,1.0,39
sentence_transformers_all_mpnet_base_v2,A_semantic_only,10,0.07692307692307694,0.38461538461538464,0.12820512820512825,0.43104002264682806,0.21437728937728937,0.3820512820512821,0.6410256410256411,1.0,39
sentence_transformers_all_mpnet_base_v2,B_hybrid_light,1,0.358974358974359,0.1794871794871795,0.2393162393162393,0.358974358974359,0.358974358974359,0.5254578754578754,0.358974358974359,1.0,39
sentence_transformers_all_mpnet_base_v2,B_hybrid_light,3,0.2564102564102564,0.38461538461538464,0.30769230769230776,0.4766526917464903,0.28846153846153844,0.5254578754578754,0.6666666666666666,1.0,39
sentence_transformers_all_mpnet_base_v2,B_hybrid_light,5,0.2,0.5,0.28571428571428586,0.5496762226250967,0.3211538461538462,0.5254578754578754,0.8205128205128205,1.0,39
sentence_transformers_all_mpnet_base_v2,B_hybrid_light,10,0.12307692307692307,0.6153846153846154,0.20512820512820512,0.5988744299611758,0.34818884818884815,0.5254578754578754,0.8717948717948718,1.0,39
sentence_transformers_all_mpnet_base_v2,C_lex_sem_strong,1,0.38461538461538464,0.19230769230769232,0.2564102564102564,0.38461538461538464,0.38461538461538464,0.5257733007733008,0.38461538461538464,1.0,39
sentence_transformers_all_mpnet_base_v2,C_lex_sem_strong,3,0.2222222222222222,0.3333333333333333,0.2666666666666667,0.44520924596364636,0.28205128205128205,0.5257733007733008,0.5641025641025641,1.0,39
sentence_transformers_all_mpnet_base_v2,C_lex_sem_strong,5,0.18461538461538463,0.46153846153846156,0.26373626373626385,0.5277173785396624,0.31858974358974357,0.5257733007733008,0.7435897435897436,1.0,39
sentence_transformers_all_mpnet_base_v2,C_lex_sem_strong,10,0.12307692307692306,0.6153846153846154,0.20512820512820518,0.60136023567574,0.3462810337810338,0.5257733007733008,0.8974358974358975,1.0,39
sentence_transformers_all_mpnet_base_v2,D_zfilter,1,0.358974358974359,0.1794871794871795,0.2393162393162393,0.358974358974359,0.358974358974359,0.5254578754578755,0.358974358974359,1.0,39
sentence_transformers_all_mpnet_base_v2,D_zfilter,3,0.24786324786324784,0.3717948717948718,0.2974358974358975,0.4791670961479727,0.2948717948717949,0.5254578754578755,0.6153846153846154,1.0,39
sentence_transformers_all_mpnet_base_v2,D_zfilter,5,0.19487179487179487,0.48717948717948717,0.2783882783882785,0.550420271512339,0.32756410256410257,0.5254578754578755,0.7948717948717948,1.0,39
sentence_transformers_all_mpnet_base_v2,D_zfilter,10,0.12564102564102564,0.6282051282051282,0.20940170940170938,0.6108549589232826,0.3567053317053317,0.5254578754578755,0.8974358974358975,1.0,39
sentence_transformers_all_mpnet_base_v2,E_diversity,1,0.358974358974359,0.1794871794871795,0.2393162393162393,0.358974358974359,0.358974358974359,0.5453296703296703,0.358974358974359,1.0,39
sentence_transformers_all_mpnet_base_v2,E_diversity,3,0.29059829059829057,0.4358974358974359,0.34871794871794876,0.5131249463322991,0.32905982905982906,0.5453296703296703,0.717948717948718,1.0,39
sentence_transformers_all_mpnet_base_v2,E_diversity,5,0.20512820512820512,0.5128205128205128,0.29304029304029316,0.5566448527766518,0.35854700854700855,0.5453296703296703,0.7692307692307693,1.0,39
sentence_transformers_all_mpnet_base_v2,E_diversity,10,0.12307692307692307,0.6153846153846154,0.20512820512820512,0.6089999653934238,0.3831654456654457,0.5453296703296703,0.8461538461538461,1.0,39
sentence_transformers_all_mpnet_base_v2,F_recall_first,1,0.358974358974359,0.1794871794871795,0.2393162393162393,0.358974358974359,0.358974358974359,0.5040903540903541,0.358974358974359,1.0,39
sentence_transformers_all_mpnet_base_v2,F_recall_first,3,0.2051282051282051,0.3076923076923077,0.2461538461538462,0.4162110471541217,0.2564102564102564,0.5040903540903541,0.5384615384615384,1.0,39
sentence_transformers_all_mpnet_base_v2,F_recall_first,5,0.17948717948717952,0.44871794871794873,0.25641025641025655,0.514288463379931,0.29358974358974355,0.5040903540903541,0.7692307692307693,1.0,39
sentence_transformers_all_mpnet_base_v2,F_recall_first,10,0.11538461538461534,0.5769230769230769,0.19230769230769237,0.5801284536647854,0.31778591778591775,0.5040903540903541,0.8974358974358975,1.0,39
sentence_transformers_all_mpnet_base_v2,G_mnn_heavy,1,0.358974358974359,0.1794871794871795,0.2393162393162393,0.358974358974359,0.358974358974359,0.5232905982905982,0.358974358974359,1.0,39
sentence_transformers_all_mpnet_base_v2,G_mnn_heavy,3,0.26495726495726496,0.3974358974358974,0.317948717948718,0.48657199449609395,0.3012820512820512,0.5232905982905982,0.6666666666666666,1.0,39
sentence_transformers_all_mpnet_base_v2,G_mnn_heavy,5,0.2,0.5,0.28571428571428586,0.5542025176063413,0.3301282051282051,0.5232905982905982,0.8205128205128205,1.0,39
sentence_transformers_all_mpnet_base_v2,G_mnn_heavy,10,0.1205128205128205,0.6025641025641025,0.2008547008547009,0.5999287673064422,0.35305759055759056,0.5232905982905982,0.8717948717948718,1.0,39
sentence_transformers_all_mpnet_base_v2,H_zfilter,1,0.358974358974359,0.1794871794871795,0.2393162393162393,0.358974358974359,0.358974358974359,0.5403846153846154,0.358974358974359,1.0,39
sentence_transformers_all_mpnet_base_v2,H_zfilter,3,0.27350427350427353,0.41025641025641024,0.32820512820512826,0.5061068536536046,0.30341880341880345,0.5403846153846154,0.717948717948718,1.0,39
sentence_transformers_all_mpnet_base_v2,H_zfilter,5,0.19487179487179487,0.48717948717948717,0.2783882783882785,0.5563581116456358,0.3277777777777778,0.5403846153846154,0.7948717948717948,1.0,39
sentence_transformers_all_mpnet_base_v2,H_zfilter,10,0.11794871794871792,0.5897435897435898,0.1965811965811966,0.6063429035724466,0.35020858770858776,0.5403846153846154,0.8717948717948718,1.0,39
sentence_transformers_all_mpnet_base_v2,I_short_skills_bias,1,0.358974358974359,0.1794871794871795,0.2393162393162393,0.358974358974359,0.358974358974359,0.5278388278388279,0.358974358974359,1.0,39
sentence_transformers_all_mpnet_base_v2,I_short_skills_bias,3,0.23931623931623933,0.358974358974359,0.2871794871794872,0.46008820008805174,0.29059829059829057,0.5278388278388279,0.5897435897435898,1.0,39
sentence_transformers_all_mpnet_base_v2,I_short_skills_bias,5,0.2,0.5,0.28571428571428586,0.5484663567560767,0.32905982905982906,0.5278388278388279,0.8205128205128205,1.0,39
sentence_transformers_all_mpnet_base_v2,I_short_skills_bias,10,0.1282051282051282,0.6410256410256411,0.2136752136752137,0.6151003145548793,0.3577940577940578,0.5278388278388279,0.9230769230769231,1.0,39
sentence_transformers_all_mpnet_base_v2,J_char_heavy,1,0.358974358974359,0.1794871794871795,0.2393162393162393,0.358974358974359,0.358974358974359,0.5088319088319089,0.358974358974359,1.0,39
sentence_transformers_all_mpnet_base_v2,J_char_heavy,3,0.23076923076923078,0.34615384615384615,0.27692307692307694,0.4389508627242382,0.2841880341880342,0.5088319088319089,0.5641025641025641,1.0,39
sentence_transformers_all_mpnet_base_v2,J_char_heavy,5,0.18974358974358976,0.47435897435897434,0.27106227106227115,0.519434355971457,0.31880341880341884,0.5088319088319089,0.7692307692307693,1.0,39
sentence_transformers_all_mpnet_base_v2,J_char_heavy,10,0.1282051282051282,0.6410256410256411,0.2136752136752137,0.5899070322691984,0.3539072039072039,0.5088319088319089,0.8717948717948718,1.0,39
sentence_transformers_distiluse_base_multilingual_cased_v2,A_semantic_only,1,0.23076923076923078,0.11538461538461539,0.15384615384615385,0.23076923076923078,0.23076923076923078,0.31710419210419205,0.23076923076923078,1.0,39
sentence_transformers_distiluse_base_multilingual_cased_v2,A_semantic_only,3,0.1282051282051282,0.19230769230769232,0.15384615384615388,0.2428300341504572,0.16666666666666666,0.31710419210419205,0.3076923076923077,1.0,39
sentence_transformers_distiluse_base_multilingual_cased_v2,A_semantic_only,5,0.09743589743589744,0.24358974358974358,0.1391941391941392,0.27349697045783855,0.1846153846153846,0.31710419210419205,0.358974358974359,1.0,39
sentence_transformers_distiluse_base_multilingual_cased_v2,A_semantic_only,10,0.0871794871794872,0.4358974358974359,0.14529914529914534,0.38242845274221554,0.21620370370370368,0.31710419210419205,0.6410256410256411,1.0,39
sentence_transformers_distiluse_base_multilingual_cased_v2,B_hybrid_light,1,0.20512820512820512,0.10256410256410256,0.13675213675213674,0.20512820512820512,0.20512820512820512,0.4173382173382173,0.20512820512820512,1.0,39
sentence_transformers_distiluse_base_multilingual_cased_v2,B_hybrid_light,3,0.2051282051282051,0.3076923076923077,0.2461538461538462,0.32898186181201433,0.22008547008547005,0.4173382173382173,0.48717948717948717,1.0,39
sentence_transformers_distiluse_base_multilingual_cased_v2,B_hybrid_light,5,0.19487179487179487,0.48717948717948717,0.2783882783882785,0.45635093392897574,0.26944444444444443,0.4173382173382173,0.7692307692307693,1.0,39
sentence_transformers_distiluse_base_multilingual_cased_v2,B_hybrid_light,10,0.1256410256410256,0.6282051282051282,0.20940170940170943,0.5185037400486581,0.2991452991452992,0.4173382173382173,0.8717948717948718,1.0,39
sentence_transformers_distiluse_base_multilingual_cased_v2,C_lex_sem_strong,1,0.28205128205128205,0.14102564102564102,0.188034188034188,0.28205128205128205,0.28205128205128205,0.4354497354497354,0.28205128205128205,1.0,39
sentence_transformers_distiluse_base_multilingual_cased_v2,C_lex_sem_strong,3,0.188034188034188,0.28205128205128205,0.22564102564102567,0.32265432114444337,0.2222222222222222,0.4354497354497354,0.46153846153846156,1.0,39
sentence_transformers_distiluse_base_multilingual_cased_v2,C_lex_sem_strong,5,0.16923076923076924,0.4230769230769231,0.24175824175824184,0.417329128307953,0.26452991452991453,0.4354497354497354,0.6410256410256411,1.0,39
sentence_transformers_distiluse_base_multilingual_cased_v2,C_lex_sem_strong,10,0.13076923076923072,0.6538461538461539,0.21794871794871795,0.5276971415391037,0.30842490842490844,0.4354497354497354,0.8974358974358975,1.0,39
sentence_transformers_distiluse_base_multilingual_cased_v2,D_zfilter,1,0.2564102564102564,0.1282051282051282,0.17094017094017092,0.2564102564102564,0.2564102564102564,0.44383394383394387,0.2564102564102564,1.0,39
sentence_transformers_distiluse_base_multilingual_cased_v2,D_zfilter,3,0.2222222222222222,0.3333333333333333,0.26666666666666666,0.3669874371759631,0.25,0.44383394383394387,0.5128205128205128,1.0,39
sentence_transformers_distiluse_base_multilingual_cased_v2,D_zfilter,5,0.18974358974358976,0.47435897435897434,0.27106227106227115,0.46843591115860705,0.28910256410256413,0.44383394383394387,0.7435897435897436,1.0,39
sentence_transformers_distiluse_base_multilingual_cased_v2,D_zfilter,10,0.1256410256410256,0.6282051282051282,0.20940170940170943,0.5389079817596422,0.32159137159137163,0.44383394383394387,0.8717948717948718,1.0,39
sentence_transformers_distiluse_base_multilingual_cased_v2,E_diversity,1,0.20512820512820512,0.10256410256410256,0.13675213675213674,0.20512820512820512,0.20512820512820512,0.4248778998778999,0.20512820512820512,1.0,39
sentence_transformers_distiluse_base_multilingual_cased_v2,E_diversity,3,0.2222222222222222,0.3333333333333333,0.26666666666666666,0.3600385019254316,0.23076923076923078,0.4248778998778999,0.5641025641025641,1.0,39
sentence_transformers_distiluse_base_multilingual_cased_v2,E_diversity,5,0.18974358974358976,0.47435897435897434,0.2710622710622711,0.4441446474267693,0.2814102564102564,0.4248778998778999,0.6923076923076923,1.0,39
sentence_transformers_distiluse_base_multilingual_cased_v2,E_diversity,10,0.1282051282051282,0.6410256410256411,0.2136752136752137,0.5328694016361257,0.312510175010175,0.4248778998778999,0.8974358974358975,1.0,39
sentence_transformers_distiluse_base_multilingual_cased_v2,F_recall_first,1,0.20512820512820512,0.10256410256410256,0.13675213675213674,0.20512820512820512,0.20512820512820512,0.40892348392348393,0.20512820512820512,1.0,39
sentence_transformers_distiluse_base_multilingual_cased_v2,F_recall_first,3,0.2051282051282051,0.3076923076923077,0.2461538461538462,0.32982463057903094,0.20512820512820512,0.40892348392348393,0.5384615384615384,1.0,39
sentence_transformers_distiluse_base_multilingual_cased_v2,F_recall_first,5,0.16923076923076927,0.4230769230769231,0.24175824175824182,0.4123354524723202,0.2403846153846154,0.40892348392348393,0.6923076923076923,1.0,39
sentence_transformers_distiluse_base_multilingual_cased_v2,F_recall_first,10,0.12564102564102564,0.6282051282051282,0.20940170940170943,0.5061533361107052,0.2825854700854701,0.40892348392348393,0.8717948717948718,1.0,39
sentence_transformers_distiluse_base_multilingual_cased_v2,G_mnn_heavy,1,0.23076923076923078,0.11538461538461539,0.15384615384615385,0.23076923076923078,0.23076923076923078,0.42866300366300364,0.23076923076923078,1.0,39
sentence_transformers_distiluse_base_multilingual_cased_v2,G_mnn_heavy,3,0.2051282051282051,0.3076923076923077,0.2461538461538462,0.3426451433995437,0.2179487179487179,0.42866300366300364,0.5128205128205128,1.0,39
sentence_transformers_distiluse_base_multilingual_cased_v2,G_mnn_heavy,5,0.18461538461538463,0.46153846153846156,0.26373626373626385,0.44477991293166586,0.26474358974358975,0.42866300366300364,0.717948717948718,1.0,39
sentence_transformers_distiluse_base_multilingual_cased_v2,G_mnn_heavy,10,0.12307692307692306,0.6153846153846154,0.20512820512820512,0.5238820951076432,0.2970848595848596,0.42866300366300364,0.8717948717948718,1.0,39
sentence_transformers_distiluse_base_multilingual_cased_v2,H_zfilter,1,0.23076923076923078,0.11538461538461539,0.15384615384615385,0.23076923076923078,0.23076923076923078,0.45173992673992674,0.23076923076923078,1.0,39
sentence_transformers_distiluse_base_multilingual_cased_v2,H_zfilter,3,0.23931623931623933,0.358974358974359,0.2871794871794872,0.3828613768232782,0.24786324786324784,0.45173992673992674,0.5897435897435898,1.0,39
sentence_transformers_distiluse_base_multilingual_cased_v2,H_zfilter,5,0.18974358974358976,0.47435897435897434,0.27106227106227115,0.45204759758739105,0.2831196581196581,0.45173992673992674,0.717948717948718,1.0,39
sentence_transformers_distiluse_base_multilingual_cased_v2,H_zfilter,10,0.13076923076923075,0.6538461538461539,0.217948717948718,0.551696171289142,0.3200498575498576,0.45173992673992674,0.9230769230769231,1.0,39
sentence_transformers_distiluse_base_multilingual_cased_v2,I_short_skills_bias,1,0.2564102564102564,0.1282051282051282,0.17094017094017092,0.2564102564102564,0.2564102564102564,0.4471102971102972,0.2564102564102564,1.0,39
sentence_transformers_distiluse_base_multilingual_cased_v2,I_short_skills_bias,3,0.2222222222222222,0.3333333333333333,0.26666666666666666,0.37034461034446203,0.25213675213675213,0.4471102971102972,0.5128205128205128,1.0,39
sentence_transformers_distiluse_base_multilingual_cased_v2,I_short_skills_bias,5,0.18974358974358976,0.47435897435897434,0.27106227106227115,0.46683208829366774,0.2905982905982906,0.4471102971102972,0.7435897435897436,1.0,39
sentence_transformers_distiluse_base_multilingual_cased_v2,I_short_skills_bias,10,0.1282051282051282,0.6410256410256411,0.21367521367521364,0.5419286140047652,0.3254375254375254,0.4471102971102972,0.8717948717948718,1.0,39
sentence_transformers_distiluse_base_multilingual_cased_v2,J_char_heavy,1,0.28205128205128205,0.14102564102564102,0.188034188034188,0.28205128205128205,0.28205128205128205,0.4538766788766789,0.28205128205128205,1.0,39
sentence_transformers_distiluse_base_multilingual_cased_v2,J_char_heavy,3,0.2136752136752137,0.32051282051282054,0.2564102564102564,0.36287055456817785,0.24358974358974356,0.4538766788766789,0.5128205128205128,1.0,39
sentence_transformers_distiluse_base_multilingual_cased_v2,J_char_heavy,5,0.18974358974358976,0.47435897435897434,0.27106227106227115,0.4636273543667977,0.2858974358974358,0.4538766788766789,0.7435897435897436,1.0,39
sentence_transformers_distiluse_base_multilingual_cased_v2,J_char_heavy,10,0.1282051282051282,0.6410256410256411,0.21367521367521364,0.5390467012097665,0.320487382987383,0.4538766788766789,0.8717948717948718,1.0,39
sentence_transformers_paraphrase_MiniLM_L3_v2,A_semantic_only,1,0.23076923076923078,0.11538461538461539,0.15384615384615385,0.23076923076923078,0.23076923076923078,0.3204517704517704,0.23076923076923078,1.0,39
sentence_transformers_paraphrase_MiniLM_L3_v2,A_semantic_only,3,0.10256410256410256,0.15384615384615385,0.1230769230769231,0.24328599724804698,0.14102564102564102,0.3204517704517704,0.28205128205128205,1.0,39
sentence_transformers_paraphrase_MiniLM_L3_v2,A_semantic_only,5,0.08717948717948719,0.21794871794871795,0.12454212454212456,0.2863315766860231,0.15705128205128205,0.3204517704517704,0.38461538461538464,1.0,39
sentence_transformers_paraphrase_MiniLM_L3_v2,A_semantic_only,10,0.08205128205128207,0.41025641025641024,0.1367521367521368,0.39819130236286837,0.18757631257631255,0.3204517704517704,0.6923076923076923,1.0,39
sentence_transformers_paraphrase_MiniLM_L3_v2,B_hybrid_light,1,0.28205128205128205,0.14102564102564102,0.18803418803418803,0.28205128205128205,0.28205128205128205,0.44634717134717133,0.28205128205128205,1.0,39
sentence_transformers_paraphrase_MiniLM_L3_v2,B_hybrid_light,3,0.188034188034188,0.28205128205128205,0.2256410256410257,0.34013073899806134,0.22222222222222227,0.44634717134717133,0.46153846153846156,1.0,39
sentence_transformers_paraphrase_MiniLM_L3_v2,B_hybrid_light,5,0.16923076923076927,0.4230769230769231,0.2417582417582419,0.43976654219500944,0.25427350427350426,0.44634717134717133,0.7435897435897436,1.0,39
sentence_transformers_paraphrase_MiniLM_L3_v2,B_hybrid_light,10,0.1282051282051282,0.6410256410256411,0.2136752136752137,0.5446650643283962,0.30001526251526245,0.44634717134717133,0.9230769230769231,1.0,39
sentence_transformers_paraphrase_MiniLM_L3_v2,C_lex_sem_strong,1,0.3076923076923077,0.15384615384615385,0.20512820512820512,0.3076923076923077,0.3076923076923077,0.4618844118844119,0.3076923076923077,1.0,39
sentence_transformers_paraphrase_MiniLM_L3_v2,C_lex_sem_strong,3,0.19658119658119658,0.2948717948717949,0.23589743589743592,0.3984308829588071,0.22649572649572647,0.4618844118844119,0.5128205128205128,1.0,39
sentence_transformers_paraphrase_MiniLM_L3_v2,C_lex_sem_strong,5,0.15384615384615388,0.38461538461538464,0.21978021978021983,0.45997941343394416,0.247008547008547,0.4618844118844119,0.6923076923076923,1.0,39
sentence_transformers_paraphrase_MiniLM_L3_v2,C_lex_sem_strong,10,0.11282051282051278,0.5641025641025641,0.1880341880341881,0.5579672418452938,0.2827533577533578,0.4618844118844119,0.8974358974358975,1.0,39
sentence_transformers_paraphrase_MiniLM_L3_v2,D_zfilter,1,0.28205128205128205,0.14102564102564102,0.18803418803418803,0.28205128205128205,0.28205128205128205,0.4425010175010175,0.28205128205128205,1.0,39
sentence_transformers_paraphrase_MiniLM_L3_v2,D_zfilter,3,0.18803418803418798,0.28205128205128205,0.22564102564102567,0.3351710876232596,0.22222222222222227,0.4425010175010175,0.46153846153846156,1.0,39
sentence_transformers_paraphrase_MiniLM_L3_v2,D_zfilter,5,0.16923076923076927,0.4230769230769231,0.24175824175824184,0.4379552160679499,0.25363247863247856,0.4425010175010175,0.7435897435897436,1.0,39
sentence_transformers_paraphrase_MiniLM_L3_v2,D_zfilter,10,0.12564102564102564,0.6282051282051282,0.20940170940170943,0.5356687607787679,0.29844831094831087,0.4425010175010175,0.8974358974358975,1.0,39
sentence_transformers_paraphrase_MiniLM_L3_v2,E_diversity,1,0.28205128205128205,0.14102564102564102,0.18803418803418803,0.28205128205128205,0.28205128205128205,0.43200040700040704,0.28205128205128205,1.0,39
sentence_transformers_paraphrase_MiniLM_L3_v2,E_diversity,3,0.19658119658119655,0.2948717948717949,0.23589743589743592,0.3495940786500753,0.2243589743589743,0.43200040700040704,0.48717948717948717,1.0,39
sentence_transformers_paraphrase_MiniLM_L3_v2,E_diversity,5,0.158974358974359,0.3974358974358974,0.22710622710622722,0.4104932502126441,0.25192307692307686,0.43200040700040704,0.6666666666666666,1.0,39
sentence_transformers_paraphrase_MiniLM_L3_v2,E_diversity,10,0.1282051282051282,0.6410256410256411,0.21367521367521375,0.5282944620485692,0.30278286528286524,0.43200040700040704,0.8717948717948718,1.0,39
sentence_transformers_paraphrase_MiniLM_L3_v2,F_recall_first,1,0.3076923076923077,0.15384615384615385,0.20512820512820512,0.3076923076923077,0.3076923076923077,0.4343508343508344,0.3076923076923077,1.0,39
sentence_transformers_paraphrase_MiniLM_L3_v2,F_recall_first,3,0.18803418803418798,0.28205128205128205,0.22564102564102567,0.3714911254531752,0.22863247863247863,0.4343508343508344,0.48717948717948717,1.0,39
sentence_transformers_paraphrase_MiniLM_L3_v2,F_recall_first,5,0.13333333333333336,0.3333333333333333,0.1904761904761905,0.4046174021415477,0.2420940170940171,0.4343508343508344,0.5641025641025641,1.0,39
sentence_transformers_paraphrase_MiniLM_L3_v2,F_recall_first,10,0.11025641025641025,0.5512820512820513,0.1837606837606838,0.5153668220722799,0.28383190883190884,0.4343508343508344,0.8205128205128205,1.0,39
sentence_transformers_paraphrase_MiniLM_L3_v2,G_mnn_heavy,1,0.28205128205128205,0.14102564102564102,0.18803418803418803,0.28205128205128205,0.28205128205128205,0.44222629222629223,0.28205128205128205,1.0,39
sentence_transformers_paraphrase_MiniLM_L3_v2,G_mnn_heavy,3,0.17948717948717946,0.2692307692307692,0.21538461538461545,0.32731022617754857,0.21367521367521364,0.44222629222629223,0.46153846153846156,1.0,39
sentence_transformers_paraphrase_MiniLM_L3_v2,G_mnn_heavy,5,0.158974358974359,0.3974358974358974,0.22710622710622722,0.41815041254383783,0.24700854700854696,0.44222629222629223,0.6923076923076923,1.0,39
sentence_transformers_paraphrase_MiniLM_L3_v2,G_mnn_heavy,10,0.1282051282051282,0.6410256410256411,0.2136752136752137,0.5359955297532766,0.29927757427757423,0.44222629222629223,0.8974358974358975,1.0,39
sentence_transformers_paraphrase_MiniLM_L3_v2,H_zfilter,1,0.28205128205128205,0.14102564102564102,0.18803418803418803,0.28205128205128205,0.28205128205128205,0.4207570207570207,0.28205128205128205,1.0,39
sentence_transformers_paraphrase_MiniLM_L3_v2,H_zfilter,3,0.16239316239316237,0.24358974358974358,0.1948717948717949,0.31028977142152026,0.20512820512820512,0.4207570207570207,0.41025641025641024,1.0,39
sentence_transformers_paraphrase_MiniLM_L3_v2,H_zfilter,5,0.158974358974359,0.3974358974358974,0.22710622710622722,0.41738553698708075,0.2467948717948718,0.4207570207570207,0.6666666666666666,1.0,39
sentence_transformers_paraphrase_MiniLM_L3_v2,H_zfilter,10,0.11282051282051284,0.5641025641025641,0.18803418803418803,0.496439545027353,0.2817358567358567,0.4207570207570207,0.7948717948717948,1.0,39
sentence_transformers_paraphrase_MiniLM_L3_v2,I_short_skills_bias,1,0.3076923076923077,0.15384615384615385,0.20512820512820512,0.3076923076923077,0.3076923076923077,0.46450956450956443,0.3076923076923077,1.0,39
sentence_transformers_paraphrase_MiniLM_L3_v2,I_short_skills_bias,3,0.17948717948717946,0.2692307692307692,0.21538461538461545,0.35791090319337604,0.21367521367521364,0.46450956450956443,0.48717948717948717,1.0,39
sentence_transformers_paraphrase_MiniLM_L3_v2,I_short_skills_bias,5,0.158974358974359,0.3974358974358974,0.22710622710622722,0.44875108955966536,0.24700854700854696,0.46450956450956443,0.717948717948718,1.0,39
sentence_transformers_paraphrase_MiniLM_L3_v2,I_short_skills_bias,10,0.1205128205128205,0.6025641025641025,0.2008547008547009,0.5508697248653718,0.2903235653235653,0.46450956450956443,0.8974358974358975,1.0,39
sentence_transformers_paraphrase_MiniLM_L3_v2,J_char_heavy,1,0.3076923076923077,0.15384615384615385,0.20512820512820512,0.3076923076923077,0.3076923076923077,0.47488807488807483,0.3076923076923077,1.0,39
sentence_transformers_paraphrase_MiniLM_L3_v2,J_char_heavy,3,0.21367521367521364,0.32051282051282054,0.25641025641025644,0.3851544070407046,0.2393162393162393,0.47488807488807483,0.5641025641025641,1.0,39
sentence_transformers_paraphrase_MiniLM_L3_v2,J_char_heavy,5,0.16923076923076927,0.4230769230769231,0.24175824175824184,0.44825863516970726,0.2668803418803418,0.47488807488807483,0.717948717948718,1.0,39
sentence_transformers_paraphrase_MiniLM_L3_v2,J_char_heavy,10,0.1282051282051282,0.6410256410256411,0.2136752136752137,0.5611892444544029,0.3098087098087098,0.47488807488807483,0.9230769230769231,1.0,39
sentence_transformers_paraphrase_albert_small_v2,A_semantic_only,1,0.2564102564102564,0.1282051282051282,0.17094017094017092,0.2564102564102564,0.2564102564102564,0.35850630850630844,0.2564102564102564,1.0,39
sentence_transformers_paraphrase_albert_small_v2,A_semantic_only,3,0.14529914529914528,0.21794871794871795,0.17435897435897438,0.331040303115907,0.1794871794871795,0.35850630850630844,0.41025641025641024,1.0,39
sentence_transformers_paraphrase_albert_small_v2,A_semantic_only,5,0.09743589743589745,0.24358974358974358,0.1391941391941392,0.3481652844195657,0.18782051282051282,0.35850630850630844,0.4358974358974359,1.0,39
sentence_transformers_paraphrase_albert_small_v2,A_semantic_only,10,0.06923076923076923,0.34615384615384615,0.11538461538461543,0.4062518712915479,0.204039479039479,0.35850630850630844,0.5897435897435898,1.0,39
sentence_transformers_paraphrase_albert_small_v2,B_hybrid_light,1,0.3076923076923077,0.15384615384615385,0.2051282051282051,0.3076923076923077,0.3076923076923077,0.4641025641025641,0.3076923076923077,1.0,39
sentence_transformers_paraphrase_albert_small_v2,B_hybrid_light,3,0.21367521367521364,0.32051282051282054,0.25641025641025644,0.3975881141917906,0.25427350427350426,0.4641025641025641,0.5384615384615384,1.0,39
sentence_transformers_paraphrase_albert_small_v2,B_hybrid_light,5,0.1743589743589744,0.4358974358974359,0.2490842490842492,0.47807429675628244,0.2882478632478632,0.4641025641025641,0.717948717948718,1.0,39
sentence_transformers_paraphrase_albert_small_v2,B_hybrid_light,10,0.11538461538461536,0.5769230769230769,0.19230769230769232,0.5499428455192331,0.31869149369149374,0.4641025641025641,0.8461538461538461,1.0,39
sentence_transformers_paraphrase_albert_small_v2,C_lex_sem_strong,1,0.3076923076923077,0.15384615384615385,0.2051282051282051,0.3076923076923077,0.3076923076923077,0.4733109483109483,0.3076923076923077,1.0,39
sentence_transformers_paraphrase_albert_small_v2,C_lex_sem_strong,3,0.2478632478632479,0.3717948717948718,0.2974358974358975,0.4424602526486302,0.29059829059829057,0.4733109483109483,0.5897435897435898,1.0,39
sentence_transformers_paraphrase_albert_small_v2,C_lex_sem_strong,5,0.158974358974359,0.3974358974358974,0.22710622710622716,0.45958523395228895,0.29893162393162387,0.4733109483109483,0.6153846153846154,1.0,39
sentence_transformers_paraphrase_albert_small_v2,C_lex_sem_strong,10,0.11794871794871792,0.5897435897435898,0.19658119658119663,0.5544861215480874,0.33478327228327226,0.4733109483109483,0.8461538461538461,1.0,39
sentence_transformers_paraphrase_albert_small_v2,D_zfilter,1,0.3076923076923077,0.15384615384615385,0.2051282051282051,0.3076923076923077,0.3076923076923077,0.4658119658119658,0.3076923076923077,1.0,39
sentence_transformers_paraphrase_albert_small_v2,D_zfilter,3,0.2222222222222222,0.3333333333333333,0.26666666666666666,0.4075074169413942,0.26068376068376065,0.4658119658119658,0.5641025641025641,1.0,39
sentence_transformers_paraphrase_albert_small_v2,D_zfilter,5,0.16923076923076927,0.4230769230769231,0.24175824175824184,0.47017963333547624,0.2882478632478632,0.4658119658119658,0.6923076923076923,1.0,39
sentence_transformers_paraphrase_albert_small_v2,D_zfilter,10,0.11282051282051281,0.5641025641025641,0.18803418803418806,0.543356182981169,0.3188339438339438,0.4658119658119658,0.8205128205128205,1.0,39
sentence_transformers_paraphrase_albert_small_v2,E_diversity,1,0.3076923076923077,0.15384615384615385,0.2051282051282051,0.3076923076923077,0.3076923076923077,0.4774420024420024,0.3076923076923077,1.0,39
sentence_transformers_paraphrase_albert_small_v2,E_diversity,3,0.2051282051282051,0.3076923076923077,0.2461538461538462,0.38186639130036854,0.24572649572649574,0.4774420024420024,0.5384615384615384,1.0,39
sentence_transformers_paraphrase_albert_small_v2,E_diversity,5,0.16923076923076924,0.4230769230769231,0.2417582417582419,0.45898151610802546,0.2803418803418803,0.4774420024420024,0.6923076923076923,1.0,39
sentence_transformers_paraphrase_albert_small_v2,E_diversity,10,0.12307692307692303,0.6153846153846154,0.20512820512820518,0.5594939636285076,0.3189814814814814,0.4774420024420024,0.8974358974358975,1.0,39
sentence_transformers_paraphrase_albert_small_v2,F_recall_first,1,0.3076923076923077,0.15384615384615385,0.2051282051282051,0.3076923076923077,0.3076923076923077,0.4582112332112332,0.3076923076923077,1.0,39
sentence_transformers_paraphrase_albert_small_v2,F_recall_first,3,0.2307692307692308,0.34615384615384615,0.276923076923077,0.44070555768643427,0.2670940170940171,0.4582112332112332,0.5641025641025641,1.0,39
sentence_transformers_paraphrase_albert_small_v2,F_recall_first,5,0.158974358974359,0.3974358974358974,0.22710622710622716,0.4745208192415578,0.2786324786324786,0.4582112332112332,0.6666666666666666,1.0,39
sentence_transformers_paraphrase_albert_small_v2,F_recall_first,10,0.10512820512820514,0.5256410256410257,0.17521367521367526,0.5410685085581847,0.3019586894586894,0.4582112332112332,0.8205128205128205,1.0,39
sentence_transformers_paraphrase_albert_small_v2,G_mnn_heavy,1,0.3076923076923077,0.15384615384615385,0.2051282051282051,0.3076923076923077,0.3076923076923077,0.461070411070411,0.3076923076923077,1.0,39
sentence_transformers_paraphrase_albert_small_v2,G_mnn_heavy,3,0.19658119658119655,0.2948717948717949,0.23589743589743592,0.38972725274607956,0.23717948717948717,0.461070411070411,0.5128205128205128,1.0,39
sentence_transformers_paraphrase_albert_small_v2,G_mnn_heavy,5,0.16923076923076927,0.4230769230769231,0.24175824175824184,0.47944375319342397,0.2724358974358974,0.461070411070411,0.717948717948718,1.0,39
sentence_transformers_paraphrase_albert_small_v2,G_mnn_heavy,10,0.11025641025641025,0.5512820512820513,0.1837606837606838,0.5461069508782664,0.29879934879934883,0.461070411070411,0.8461538461538461,1.0,39
sentence_transformers_paraphrase_albert_small_v2,H_zfilter,1,0.2564102564102564,0.1282051282051282,0.17094017094017092,0.2564102564102564,0.2564102564102564,0.4484330484330484,0.2564102564102564,1.0,39
sentence_transformers_paraphrase_albert_small_v2,H_zfilter,3,0.23931623931623933,0.358974358974359,0.2871794871794872,0.42292539349111963,0.2414529914529914,0.4484330484330484,0.6410256410256411,1.0,39
sentence_transformers_paraphrase_albert_small_v2,H_zfilter,5,0.16923076923076927,0.4230769230769231,0.24175824175824184,0.4639463336002982,0.2613247863247863,0.4484330484330484,0.717948717948718,1.0,39
sentence_transformers_paraphrase_albert_small_v2,H_zfilter,10,0.11282051282051281,0.5641025641025641,0.18803418803418806,0.5345187687198265,0.2909137159137159,0.4484330484330484,0.8461538461538461,1.0,39
sentence_transformers_paraphrase_albert_small_v2,I_short_skills_bias,1,0.3076923076923077,0.15384615384615385,0.2051282051282051,0.3076923076923077,0.3076923076923077,0.4700854700854701,0.3076923076923077,1.0,39
sentence_transformers_paraphrase_albert_small_v2,I_short_skills_bias,3,0.2222222222222222,0.3333333333333333,0.26666666666666666,0.4158242414846949,0.2628205128205128,0.4700854700854701,0.5641025641025641,1.0,39
sentence_transformers_paraphrase_albert_small_v2,I_short_skills_bias,5,0.1743589743589744,0.4358974358974359,0.2490842490842492,0.4803064393471998,0.29551282051282046,0.4700854700854701,0.6923076923076923,1.0,39
sentence_transformers_paraphrase_albert_small_v2,I_short_skills_bias,10,0.11282051282051281,0.5641025641025641,0.18803418803418806,0.5476558571042808,0.3214692714692714,0.4700854700854701,0.8205128205128205,1.0,39
sentence_transformers_paraphrase_albert_small_v2,J_char_heavy,1,0.3076923076923077,0.15384615384615385,0.2051282051282051,0.3076923076923077,0.3076923076923077,0.48364875864875867,0.3076923076923077,1.0,39
sentence_transformers_paraphrase_albert_small_v2,J_char_heavy,3,0.2564102564102564,0.38461538461538464,0.30769230769230776,0.45398203360453676,0.28846153846153844,0.48364875864875867,0.6410256410256411,1.0,39
sentence_transformers_paraphrase_albert_small_v2,J_char_heavy,5,0.17948717948717954,0.44871794871794873,0.2564102564102565,0.4889182917613323,0.3102564102564102,0.48364875864875867,0.6923076923076923,1.0,39
sentence_transformers_paraphrase_albert_small_v2,J_char_heavy,10,0.11538461538461536,0.5769230769230769,0.19230769230769237,0.555145554491794,0.3358211233211233,0.48364875864875867,0.8205128205128205,1.0,39
sentence_transformers_sentence_t5_base,A_semantic_only,1,0.41025641025641024,0.20512820512820512,0.2735042735042735,0.41025641025641024,0.41025641025641024,0.4935490435490435,0.41025641025641024,1.0,39
sentence_transformers_sentence_t5_base,A_semantic_only,3,0.17094017094017092,0.2564102564102564,0.20512820512820512,0.43223651638724025,0.22649572649572647,0.4935490435490435,0.5128205128205128,1.0,39
sentence_transformers_sentence_t5_base,A_semantic_only,5,0.1230769230769231,0.3076923076923077,0.17582417582417584,0.47032378910905126,0.24059829059829058,0.4935490435490435,0.5897435897435898,1.0,39
sentence_transformers_sentence_t5_base,A_semantic_only,10,0.0871794871794872,0.4358974358974359,0.14529914529914534,0.5410413730065347,0.2601648351648351,0.4935490435490435,0.7692307692307693,1.0,39
sentence_transformers_sentence_t5_base,B_hybrid_light,1,0.358974358974359,0.1794871794871795,0.2393162393162393,0.358974358974359,0.358974358974359,0.5335775335775336,0.358974358974359,1.0,39
sentence_transformers_sentence_t5_base,B_hybrid_light,3,0.23931623931623933,0.358974358974359,0.2871794871794872,0.4258266035620288,0.28846153846153844,0.5335775335775336,0.6153846153846154,1.0,39
sentence_transformers_sentence_t5_base,B_hybrid_light,5,0.18461538461538463,0.46153846153846156,0.2637362637362638,0.4914324873434786,0.3211538461538462,0.5335775335775336,0.7435897435897436,1.0,39
sentence_transformers_sentence_t5_base,B_hybrid_light,10,0.13333333333333333,0.6666666666666666,0.2222222222222223,0.5873870242542575,0.3683353683353683,0.5335775335775336,0.8717948717948718,1.0,39
sentence_transformers_sentence_t5_base,C_lex_sem_strong,1,0.3076923076923077,0.15384615384615385,0.20512820512820512,0.3076923076923077,0.3076923076923077,0.504059829059829,0.3076923076923077,1.0,39
sentence_transformers_sentence_t5_base,C_lex_sem_strong,3,0.26495726495726496,0.3974358974358974,0.317948717948718,0.43658867507864896,0.2863247863247863,0.504059829059829,0.6666666666666666,1.0,39
sentence_transformers_sentence_t5_base,C_lex_sem_strong,5,0.21025641025641023,0.5256410256410257,0.30036630036630046,0.5143585441303191,0.3299145299145299,0.504059829059829,0.7948717948717948,1.0,39
sentence_transformers_sentence_t5_base,C_lex_sem_strong,10,0.13076923076923075,0.6538461538461539,0.217948717948718,0.5750694532624454,0.35775844525844525,0.504059829059829,0.8717948717948718,1.0,39
sentence_transformers_sentence_t5_base,D_zfilter,1,0.358974358974359,0.1794871794871795,0.2393162393162393,0.358974358974359,0.358974358974359,0.5288766788766789,0.358974358974359,1.0,39
sentence_transformers_sentence_t5_base,D_zfilter,3,0.2478632478632479,0.3717948717948718,0.2974358974358975,0.42827185053534833,0.28846153846153844,0.5288766788766789,0.6410256410256411,1.0,39
sentence_transformers_sentence_t5_base,D_zfilter,5,0.18974358974358976,0.47435897435897434,0.27106227106227115,0.500863369679034,0.317948717948718,0.5288766788766789,0.7948717948717948,1.0,39
sentence_transformers_sentence_t5_base,D_zfilter,10,0.13333333333333333,0.6666666666666666,0.2222222222222223,0.5836431979178435,0.36431623931623935,0.5288766788766789,0.8717948717948718,1.0,39
sentence_transformers_sentence_t5_base,E_diversity,1,0.358974358974359,0.1794871794871795,0.2393162393162393,0.358974358974359,0.358974358974359,0.529151404151404,0.358974358974359,1.0,39
sentence_transformers_sentence_t5_base,E_diversity,3,0.2478632478632479,0.3717948717948718,0.2974358974358975,0.4418520727951473,0.28632478632478636,0.529151404151404,0.6410256410256411,1.0,39
sentence_transformers_sentence_t5_base,E_diversity,5,0.1794871794871795,0.44871794871794873,0.2564102564102565,0.48964399040618733,0.3126068376068376,0.529151404151404,0.717948717948718,1.0,39
sentence_transformers_sentence_t5_base,E_diversity,10,0.1282051282051282,0.6410256410256411,0.2136752136752137,0.5840225474942996,0.3547466422466422,0.529151404151404,0.8717948717948718,1.0,39
sentence_transformers_sentence_t5_base,F_recall_first,1,0.38461538461538464,0.19230769230769232,0.2564102564102564,0.38461538461538464,0.38461538461538464,0.5373117623117623,0.38461538461538464,1.0,39
sentence_transformers_sentence_t5_base,F_recall_first,3,0.2564102564102564,0.38461538461538464,0.30769230769230776,0.4468947834976794,0.29914529914529914,0.5373117623117623,0.6666666666666666,1.0,39
sentence_transformers_sentence_t5_base,F_recall_first,5,0.1794871794871795,0.44871794871794873,0.2564102564102565,0.484332697306922,0.32350427350427347,0.5373117623117623,0.717948717948718,1.0,39
sentence_transformers_sentence_t5_base,F_recall_first,10,0.1358974358974359,0.6794871794871795,0.22649572649572655,0.590631003854043,0.3730311355311355,0.5373117623117623,0.8717948717948718,1.0,39
sentence_transformers_sentence_t5_base,G_mnn_heavy,1,0.358974358974359,0.1794871794871795,0.2393162393162393,0.358974358974359,0.358974358974359,0.5329670329670328,0.358974358974359,1.0,39
sentence_transformers_sentence_t5_base,G_mnn_heavy,3,0.2564102564102564,0.38461538461538464,0.3076923076923077,0.43948988514955817,0.2948717948717948,0.5329670329670328,0.6666666666666666,1.0,39
sentence_transformers_sentence_t5_base,G_mnn_heavy,5,0.1794871794871795,0.44871794871794873,0.2564102564102565,0.48119981012548807,0.31602564102564096,0.5329670329670328,0.7435897435897436,1.0,39
sentence_transformers_sentence_t5_base,G_mnn_heavy,10,0.1358974358974359,0.6794871794871795,0.22649572649572655,0.5864317028274543,0.36928164428164423,0.5329670329670328,0.8717948717948718,1.0,39
sentence_transformers_sentence_t5_base,H_zfilter,1,0.38461538461538464,0.19230769230769232,0.2564102564102564,0.38461538461538464,0.38461538461538464,0.5493589743589745,0.38461538461538464,1.0,39
sentence_transformers_sentence_t5_base,H_zfilter,3,0.2478632478632479,0.3717948717948718,0.2974358974358975,0.4713062347022616,0.30128205128205127,0.5493589743589745,0.6410256410256411,1.0,39
sentence_transformers_sentence_t5_base,H_zfilter,5,0.18461538461538463,0.46153846153846156,0.2637362637362638,0.5290174550629053,0.3333333333333333,0.5493589743589745,0.717948717948718,1.0,39
sentence_transformers_sentence_t5_base,H_zfilter,10,0.12051282051282047,0.6025641025641025,0.2008547008547009,0.6065990467831611,0.36206247456247465,0.5493589743589745,0.8717948717948718,1.0,39
sentence_transformers_sentence_t5_base,I_short_skills_bias,1,0.358974358974359,0.1794871794871795,0.2393162393162393,0.358974358974359,0.358974358974359,0.5285205535205534,0.358974358974359,1.0,39
sentence_transformers_sentence_t5_base,I_short_skills_bias,3,0.2478632478632479,0.3717948717948718,0.2974358974358975,0.4295705823999546,0.28846153846153844,0.5285205535205534,0.6410256410256411,1.0,39
sentence_transformers_sentence_t5_base,I_short_skills_bias,5,0.19487179487179487,0.48717948717948717,0.2783882783882785,0.5082440941787504,0.3230769230769231,0.5285205535205534,0.7948717948717948,1.0,39
sentence_transformers_sentence_t5_base,I_short_skills_bias,10,0.13333333333333333,0.6666666666666666,0.2222222222222223,0.5854132229634514,0.3656033781033781,0.5285205535205534,0.8717948717948718,1.0,39
sentence_transformers_sentence_t5_base,J_char_heavy,1,0.38461538461538464,0.19230769230769232,0.2564102564102564,0.38461538461538464,0.38461538461538464,0.5423687423687423,0.38461538461538464,1.0,39
sentence_transformers_sentence_t5_base,J_char_heavy,3,0.24786324786324784,0.3717948717948718,0.29743589743589743,0.4343780170188633,0.2927350427350427,0.5423687423687423,0.6410256410256411,1.0,39
sentence_transformers_sentence_t5_base,J_char_heavy,5,0.2,0.5,0.2857142857142858,0.5209461922184653,0.3311965811965812,0.5423687423687423,0.8205128205128205,1.0,39
sentence_transformers_sentence_t5_base,J_char_heavy,10,0.13333333333333333,0.6666666666666666,0.22222222222222227,0.5943037113843325,0.373056573056573,0.5423687423687423,0.8717948717948718,1.0,39
