dwa_original,skill1,skill2,skill3
train personnel on proper operational procedures,personnel management,understand operational risk scenario analysis,efficient transportation systems
prepare procedural documents,documents,prepare data,read legal documents
"recommend technical design or process changes to improve efficiency, quality, or performance",process design,quality improvement,performance evaluation skills for recommender systems
confer with technical personnel to prepare designs or operational plans,learn to engage with technical concepts,prepare data,personnel management
"communicate technical information to suppliers, contractors, or regulatory agencies",regulatory compliance,using email to communicate,learn to engage with technical concepts
design medical devices or appliances,design of embedded devices,medical research,medical device
research engineering aspects of biological or chemical processes,chemical engineering,biological neuron model,understand the research process
devise research or testing protocols,concept testing,network protocols,devise a customized plan for optimizing your eating patterns
develop operational methods or processes that use green materials or emphasize sustainability,green strategy,raw materials and processes,sustainability
develop technical methods or processes,product development processes,methods,technical interviewing
create models of engineering designs or methods,study designs,model-based system engineering,engineering design
maintain operational records or records systems,electronic health records,operating systems,identification systems
supervise engineering or other technical personnel,personnel management,technical support,civil engineering
estimate operational costs,cost estimate,understand operational risk scenario analysis,transaction costs-modeling
estimate time requirements for development or production projects,production,time management,requirements analysis
prepare detailed work plans,prepare a detailed sales call plan,work breakdown structure,prepare data
prepare technical reports for internal use,reports,prepare data,internal control
"prepare contracts, disclosures, or applications",contracts,health transparency and disclosures,ability to prepare financial statements
update technical knowledge,knowledge acquisition,technical support,"create, read, update and delete"
evaluate characteristics of equipment or systems,defining systems,personal protective equipment,ar characteristics
advise customers on the use of products or services,understand the impact on pricing as customers order online,restful services,manage the development and use of different research instruments
develop software or computer applications,computer software,software application development,use at in popular applications
"analyze operational data to evaluate operations, processes or products",evaluate different data collection approaches,office processes,string operations
conduct environmental audits,energy audits,environmental protection,security audits
design industrial processing systems,systems design,industrial iot,data warehouse processing
direct operational or production activities,production,control flow activities,direct foreign investment
respond to emergencies to provide assistance,responding to conflict,right to health,different approaches to custody
maintain regulatory or compliance documentation,regulatory compliance,data documentation,customs compliance/ carotar compliance
monitor external affairs or events affecting business operations,business operations,azure monitor,external communications
implement design or process improvements,process design,cost savings and performance improvements,process improvement
prepare operational reports,prepare data,reports,calculate operational risk capital
supervise employees,attract and retain a diverse team of employees,supervision,organizational assessment
"direct sales, marketing, or customer service activities",customer service,sales strategy,content marketing
"direct organizational operations, projects, or services",operations management,real-world projects,organizational structure
approve expenditures,budget management,interest rate,payment processing
prepare operational budgets,prepare data,calculate operational risk capital,budget management
analyze data to inform operational decisions or activities,data-driven decisions,analyze a data breach,calculate operational risk capital
monitor organizational procedures to ensure proper functioning,organizational assessment,azure monitor,ensure accountability to diversity and inclusion efforts for a sense of belonging
confer with organizational members to accomplish work activities,organizational structure,teaching activities,team work
evaluate employee performance,employee engagement,performance techniques,evaluate different data collection approaches
conduct employee training programs,training programs,employee relations,employee onboarding
hire personnel,personnel management,hiring,customer outreach
manage control system activities in organizations,control flow activities,organizations,manage expense control
maintain personnel records,personnel management,electronic health records,record management
prepare operational progress or status reports,progress monitoring,ability to prepare financial statements,reports
evaluate quality of materials or products,quality,materials research,evaluate different data collection approaches
"develop operating strategies, plans, or procedures",operating systems,options strategies,writing test plans
implement organizational process or policy changes,organizational change,process,policy making
develop organizational methods or procedures,organizational strategy,methods,develop team culture
develop specifications for new products or processes,product design processes,develop communication processes during change management planning,collecting data for new solutions
direct facility maintenance or repair activities,error handling approach & activities,or gate,direct foreign investment
recommend organizational process or policy changes,organizational change,policy analysis,process management
maintain knowledge of current developments in area of expertise,expertise in data science,knowledge of general business functions,due diligencing your issue area
negotiate sales or lease agreements for products or services,sales agreements,ability to classify and record different types of lease arrangements for both the lessee and lessor,service level agreements (sla)
determine causes of operational problems or failures,understand operational risk scenario analysis,causes of death,behavior problems diagnosis and treatment
monitor the productivity or efficiency of industrial operations,productivity,industrial iot,prove the concept of of efficiency
conduct validation tests of equipment or processes,validation,personal protective equipment,system tests
determine operational methods,methods,calculate operational risk capital,determine your leadership style
direct industrial production activities,production,industrial iot,direct foreign investment
research industrial processes or operations,manufacturing processes,industrial iot,research
design control systems for mechanical or other equipment,control systems,mechanical design,systems design
review technical documents to plan work,designing rpa technical specification documents,plan,review management
confer with other personnel to resolve design or operational problems,personnel management,apply the principles of design thinking to innovative problem solving,understand operational risk scenario analysis
analyze design or requirements information for mechanical equipment or systems,mechanical design,requirements analysis,information design
direct installation activities,verify an ansible installation,teaching activities,direct foreign investment
direct equipment maintenance or repair activities,personal protective equipment,error handling approach & activities,direct foreign investment
"test performance of electrical, electronic, mechanical, or integrated systems or equipment",electronic circuits,mechanical systems analysis and mechanical modelling,test taking
coordinate safety or regulatory compliance activities,regulatory compliance,safety compliance,error handling approach & activities
document technical design details,information design,document validation,document warehouse
identify new applications for existing technologies,emerging technologies,use and mix together existing data to obtain new data,decentralized applications
design electronic or computer equipment or instrumentation,electronic digital instrument,computer-aided design (cad),personal protective equipment
evaluate plans or specifications to determine technological or environmental implications,environmental impact assessment,writing test plans,technological
advise others regarding green practices or environmental concerns,greater understanding of environmental concerns,green strategy,health practices
"select tools, equipment, or technologies for use in operations or projects",emerging technologies,select queries,project operations
install production equipment or systems,production,personal protective equipment,operating systems
design industrial equipment,design for manufacturing,industrial iot,personal protective equipment
"investigate system, equipment, or product failures",system testing,product management,personal protective equipment
prepare proposal documents,documents,prepare data,solution proposal and communication
supervise production or support personnel,personnel management,production,customer support
perform marketing activities,marketing,teaching activities,marketing performance
advise others on logistics topics,logistics planning,itil 4 foundation topics,communicating with others in person
identify opportunities to improve operational efficiency,algorithmic efficiency,understand operational risk scenario analysis,discovering opportunities
"analyze jobs using observation, survey, or interview techniques",data analysis interview,jobs,hone observation skills
plan facility layouts or designs,study designs,responsive layouts,plan
develop technical specifications for systems or equipment,technical support,systems design,personal protective equipment
analyze logistics processes,logistics planning,office processes,analyze financial statements
maintain data in information systems or databases,data and databases,geographic information systems (gis),information assurance
establish organizational guidelines or policies,organizational strategy,conditional access policies,establish coaching agreements
estimate costs of goods or services,cost estimate,luxury goods,cloud services
"assess the cost effectiveness of products, projects, or services",cost,evaluate projects on a portfolio basis the economic attractiveness of various abatement projects,assess marketing problems
apply mathematical models of financial or business conditions,developing financial models,mathematical induction,mathematical model
develop business or financial information systems,financial planning (business),geographic information systems (gis),information theory
evaluate logistics methods to reduce environmental impact,logistics planning,environmental impact assessment,how to reduce food waste
develop business or market strategies,business strategies,market (economics),growth strategies
develop sustainable business strategies or practices,sustainable business,business strategies,good ethical practices
prepare financial documents,ability to prepare financial statements,documents,prepare data
analyze environmental regulations to ensure organizational compliance,compliance strategy,environmental monitoring,regulations
create graphical representations of industrial production systems,production,list of graphical user interface elements,building systems of support
estimate technical or resource requirements for development or production projects,water resource development,production,requirements analysis
assess product or process usefulness,statistical methods for process and product improvement,assess marketing problems,product research
resolve operational performance problems,performance management,understand operational risk scenario analysis,cybersecurity performance measurement
"purchase materials, equipment, or other resources",materials,personal protective equipment,international human resources
evaluate designs or specifications to ensure quality,study designs,quality,evaluate different data collection approaches
provide technical guidance to other personnel,personnel management,technical support,child guidance
analyze costs and benefits of proposed designs or projects,study designs,sunk costs,compensation and benefits
investigate the environmental impact of projects,environmental impact assessment,workflow of data science projects,evaluate projects on a portfolio basis the economic attractiveness of various abatement projects
estimate labor requirements,effective use of labor,cost estimate,requirements analysis
perform human resources activities,human resources (hr),human resources best practices,competence (human resources)
administer standardized physical or psychological tests,executing tests,physical medicine and rehabilitation,psychological issues
manage human resources activities,human resources (hr),control flow activities,human resources best practices
coordinate special events or programs,training programs,sas programs,or gate
advise others on career or personal development,career development,personal development,communicating with others in person
administer compensation or benefits programs,compensation and benefits,prevention programs,management of hypertension programs
"interview employees, customers, or others to collect information",strategy interview,working with others,communicating with others in person
recruit personnel,personnel management,recruiting,job readiness
communicate organizational policies and procedures,organizational strategy,using email to communicate,conditional access policies
advise others on legal or regulatory compliance matters,legal compliance,regulatory compliance,legal research
liaise between departments or other groups to improve function or communication,communication in small groups,ability to account for current liabilities and contingencies,understand the difference between leadership and management
compile operational data,data documentation,calculate operational risk capital,data factory
analyze data to inform personnel decisions,data-driven decisions,personnel management,analyze a data breach
investigate industrial or transportation accidents,inventory and transportation,industrial iot,international transportation
prepare reports related to compliance matters,compliance strategy,prepare data,reports
represent the organization in external relations,analyze the external business environment and assess the competitive forces that affect the organization,diplomatic relations,external communications
negotiate labor disputes,unfair labor practices,preparing for negotiation,effective use of labor
document design or operational test results,document validation,understand operational risk scenario analysis,writing test plans
create graphical representations of mechanical equipment,mechanical design,graphical model,create accessible written products and presentations
research engineering applications of emerging technologies,emerging technologies,engineering design,bioprocess engineering
design electromechanical equipment or systems,systems design,personal protective equipment,electricity systems
design environmental control systems,environmental systems,control systems,systems design
calibrate scientific or technical equipment,scientific writing,personal protective equipment,calibration in machine learning models
select project materials,project selection techniques,materials,select (sql)
create physical models or prototypes,legal software prototypes,physical controls,one-to-many models
program robotic equipment,robotic control,personal protective equipment,program design
fabricate products or components using machine tools,pro tools,motherboard and storage components,using subqueries
inspect facilities or sites to determine if they meet specifications or standards,inacsl standards,or gate,using databases and interacting with web sites
assemble equipment or components,incorporating electronic components,personal protective equipment,motherboard and storage components
maintain electromechanical equipment,personal protective equipment,fluid mechanics,electrical engineering
operate industrial equipment,industrial iot,personal protective equipment,hybrid vehicle manufacturing
repair electronic equipment,personal protective equipment,electronic circuits,electronic health records
"maintain inventories of materials, equipment, or products",materials,personal protective equipment,measure and report issues related to inventories long-lived assets and pp&e
determine operational criteria or specifications,smart criteria,understand operational risk scenario analysis,determine your leadership style
research advanced engineering designs or applications,engineering design,study designs,use at in popular applications
"coordinate activities with suppliers, contractors, clients, or other departments",teaching activities,understand why the role of chief customer officer must be created at the corporate level to coordinate and integrate activities across products and business units,working with others
conduct quantitative failure analyses of operational data,failure,qualitative and quantitative data analysis,calculate operational risk capital
determine design criteria or specifications,smart criteria,design for manufacturing,evaluation design
evaluate technical data to determine effect on designs or plans,study designs,evaluate different data collection approaches,writing test plans
direct design or development activities,strategy development,web design,teaching activities
design energy-efficient vehicles or vehicle components,energy efficient building design,electric vehicles,hybrid vehicle manufacturing
research design or application of green technologies,green design,emerging technologies,research design
monitor processes for compliance with standards,compliance implementation,azure monitor,office processes
test products for functionality or quality,quality,test case,basic tensor functionality
inspect operational processes,office processes,manufacturing processes,understand operational risk scenario analysis
monitor activities affecting environmental quality,environmental monitoring,quality,azure monitor
prepare drawings or diagrams of products or services,create accessible written products and presentations,prepare data,prepare a detailed sales call plan
"explain engineering drawings, specifications, or other technical information",information engineering,explain the role of materials engineers in contemporary engineering practice for technological applications,designing rpa technical specification documents
design structures or facilities,organizational structures,green building design,or gate
direct quality control activities,control flow activities,quality,source control
research human performance or health factors related to engineering or design activities,health research,engineering design,human-level performance (hlp)
analyze test or validation data,data validation,test taking,analyze a data breach
analyze green technology design requirements,green technology,requirements analysis,green design
assist engineers or scientists with research,lead engineers,research,proficiency with makerdao
assemble mechanical components or machine parts,mechanical design,integration by parts,motherboard and storage components
fabricate devices or components,wearable devices,motherboard and storage components,incorporating electronic components
collaborate with others to develop or refine designs,study designs,working with others,refine research instruments
schedule operational activities,schedule,control flow activities,teaching activities
test characteristics of materials or structures,materials,test taking,ar characteristics
implement transportation changes to reduce environmental impact,environmental impact assessment,efficient transportation systems,reverting changes
document organizational or operational procedures,organizational analysis,process definition document,document warehouse
"negotiate contracts for transportation, distribution, or logistics services",distribution and logistics,contracts,international transportation
coordinate with external parties to exchange information,external communications,foreign currency exchange,geospatial information system
develop procedures to evaluate organizational activities,organizational assessment,teaching activities,evaluate different data collection approaches
develop organizational goals or objectives,setting objectives,organizational culture,goals
analyze data to assess operational or project effectiveness,project evaluation,analyze a data breach,understand operational risk scenario analysis
"manage operations, research, or logistics projects",logistics planning,project operations,manage expense control
evaluate environmental impact of operational or development activities,environmental impact assessment,strategy development,understand operational risk scenario analysis
develop sustainable organizational policies or practices,sustainable leadership,organizational strategy,parking policies
identify opportunities for green initiatives,green strategy,discovering opportunities,address resistance to innovation initiatives
estimate cost or material requirements,cost estimate,material design,requirements analysis
manage inventories of products or organizational resources,organizational analysis,natural resources,create accessible written products and presentations
monitor performance of organizational members or partners,performance problem (organizational development),azure monitor,promote effective communication for both individuals and group members
"evaluate potential of products, technologies, or resources",emerging technologies,evaluate different data collection approaches,natural resources
analyze chemical compounds or substances,chemical classification,analyze financial statements,chemical engineering
develop new or advanced products or production methods,production,advanced packaging assembly methods,new product development
collaborate on research activities with scientists or technical specialists,research,learn to engage with technical concepts,technical interview preparation
supervise scientific or technical personnel,personnel management,scientific writing,technical support
"establish standards for products, processes, or procedures",product development processes,inacsl standards,identifying business processes for automation
prepare scientific or technical reports or presentations,scientific writing,oral presentations,prepare data
research methods to improve food products,food science,research methods,how to reduce food waste
prepare compounds or solutions for products or testing,prepare data,following through on solutions,testing vocabulary
maintain laboratory or technical equipment,personal protective equipment,technical support,technical interview preparation
test quality of materials or finished products,quality,test preparation,materials
monitor operational procedures in technical environments to ensure conformance to standards,execution environments,w-fi standards,azure monitor
manage scientific or technical project resources,scientific writing,project management,natural resources
inspect condition or functioning of facilities or equipment,personal protective equipment,or gate,quality of service
review details of technical drawings or specifications,technical support,designing rpa technical specification documents,sez technical
evaluate new technologies or methods,methods,emerging technologies,evaluate different data collection approaches
review documents or materials for compliance with policies or regulations,regulations,compliance techniques,read legal documents
monitor facilities or operational systems,azure monitor,use at in operating systems,battery management systems
advise customers on technical or procedural issues,technical interviewing,understand the impact on pricing as customers order online,social issues
communicate organizational information to customers or other stakeholders,presenting to stakeholders,using email to communicate,organizational theory
operate computer systems,operating systems,computer hardware,control systems
maintain test equipment,test automation,personal protective equipment,certification test
inspect finished products to locate flaws,tencent cloud products,practice evaluating on-the-ground problems to identify pertinent solutions,big data products
collect samples of raw materials or finished products,raw materials and processes,getting the most of data you collect,tencent cloud products
develop biological research methods,research methods,biological neuron model,develop team culture
research diseases or parasites,infectious diseases,research methods,diseases of poverty
research microbiological or chemical processes or structures,chemical classification,organizational structures,microbiology
analyze biological samples,biological neuron model,analyze financial statements,data scientist
research genetic characteristics or expression,genetic analysis,expression,ar characteristics
design research studies to obtain scientific information,research design,scientific writing,information design
instruct college students in physical or life sciences,involving students in assessment,urban sciences,physical controls
set up laboratory or field equipment,field surveys,personal protective equipment,set up a youtube channel
write grant proposals,grant writing,develop social welfare policy analysis and reform proposals,write a co-writing agreement
"cultivate micro-organisms for study, testing, or medical preparations",genetically modified organisms (gmos),herbal preparations,unit testing
prepare biological samples for testing or analysis,prepare data,statistical hypothesis testing,biological neuron model
monitor environmental impacts of production or development activities,environmental impacts,video pre-production,manage the development and use of different research instruments
inspect condition of natural environments,natural resources,execution environments,natural language processing
classify organisms based on their characteristics or behavior,genetically modified organisms (gmos),behavior tree,building recommender systems based on collaborative filtering
examine characteristics or behavior of living organisms,knowledge of human behavior,genetically modified organisms (gmos),ar characteristics
operate laboratory or field equipment,personal protective equipment,field surveys,design of experiments (doe)
interpret design or operational test results,interpretation of results,understand operational risk scenario analysis,certification test
