dwa_original,skill1,skill2,skill3,skill1_id,skill2_id,skill3_id
train personnel on proper operational procedures,personnel management,understand operational risk scenario analysis,efficient transportation systems,6918d9132472,74fe0528c27f,995c33174219
prepare procedural documents,documents,prepare data,read legal documents,21f64da1e579,5d45850c5baa,6b306e6c84b1
"recommend technical design or process changes to improve efficiency, quality, or performance",process design,quality improvement,performance evaluation skills for recommender systems,103eab151086,a7c4c4994d02,58319ec211bf
confer with technical personnel to prepare designs or operational plans,learn to engage with technical concepts,prepare data,personnel management,d4793dfe8103,5d45850c5baa,6918d9132472
"communicate technical information to suppliers, contractors, or regulatory agencies",regulatory compliance,using email to communicate,learn to engage with technical concepts,4e4ff7039f22,5f8ae87ccde0,d4793dfe8103
design medical devices or appliances,design of embedded devices,medical research,medical device,a558f59f975e,5e15d5526624,c88a10398d0d
research engineering aspects of biological or chemical processes,chemical engineering,biological neuron model,understand the research process,74f3fd3bb3da,3444f93619e5,22b12fb7265d
devise research or testing protocols,concept testing,network protocols,devise a customized plan for optimizing your eating patterns,3c87def9324a,96f7a1b44b32,01904a63687c
develop operational methods or processes that use green materials or emphasize sustainability,green strategy,raw materials and processes,sustainability,4d414f6fd118,4ec4f7a20f54,ab3b66f24ad9
develop technical methods or processes,product development processes,methods,technical interviewing,5402ba93471c,a9ac5a6cc3cb,e9ec0a2c6e6d
create models of engineering designs or methods,study designs,model-based system engineering,engineering design,0207b591a5d5,5ccae7640253,d9855438ae33
maintain operational records or records systems,electronic health records,operating systems,identification systems,9bc14bd09c21,f1624e5afb6a,97b075243156
supervise engineering or other technical personnel,personnel management,technical support,civil engineering,6918d9132472,6544768291be,730f2890814f
estimate operational costs,cost estimate,understand operational risk scenario analysis,transaction costs-modeling,bd1d85f33bd2,74fe0528c27f,057972302b68
estimate time requirements for development or production projects,production,time management,requirements analysis,fd89784e59c7,ed4e96dec61f,3893cbb4049e
prepare detailed work plans,prepare a detailed sales call plan,work breakdown structure,prepare data,506583358173,ebcee30ccff3,5d45850c5baa
prepare technical reports for internal use,reports,prepare data,internal control,a8445719836f,5d45850c5baa,88e59ccf33be
"prepare contracts, disclosures, or applications",contracts,health transparency and disclosures,ability to prepare financial statements,e9839443e2c0,37c5c68a40e8,7e56613a2ebc
update technical knowledge,knowledge acquisition,technical support,"create, read, update and delete",549533baa6d9,6544768291be,af05ac064c3c
evaluate characteristics of equipment or systems,defining systems,personal protective equipment,ar characteristics,9e51eeb429ae,414d1ab8da6a,805fc5c1d17a
advise customers on the use of products or services,understand the impact on pricing as customers order online,restful services,manage the development and use of different research instruments,5653d4592b47,3983e728b504,7e31f9e44f69
develop software or computer applications,computer software,software application development,use at in popular applications,a6ec7cc907d1,81353ee524c4,d007e0bd579b
"analyze operational data to evaluate operations, processes or products",evaluate different data collection approaches,office processes,string operations,4308d262ba90,0c29bb383513,443680839279
conduct environmental audits,energy audits,environmental protection,security audits,efb61440c3a1,1c068fbebcb0,2ad7fd67c4de
design industrial processing systems,systems design,industrial iot,data warehouse processing,66fe44b4fefa,20be59e19f80,7ae5405b0851
direct operational or production activities,production,control flow activities,direct foreign investment,fd89784e59c7,4abb63e41447,d7dbf48fa293
respond to emergencies to provide assistance,responding to conflict,right to health,different approaches to custody,4b7555920681,d0a6bff5de01,77f9eecab72b
maintain regulatory or compliance documentation,regulatory compliance,data documentation,customs compliance/ carotar compliance,4e4ff7039f22,fb35d872b6ae,485d26352e99
monitor external affairs or events affecting business operations,business operations,azure monitor,external communications,95d7d4c08187,fa8ac4b1b38c,399c4f53685e
implement design or process improvements,process design,cost savings and performance improvements,process improvement,103eab151086,6579f5e89913,0c3e5c7f3c75
prepare operational reports,prepare data,reports,calculate operational risk capital,5d45850c5baa,a8445719836f,966ff254f415
supervise employees,attract and retain a diverse team of employees,supervision,organizational assessment,581ac2a59c21,13b789b8dcd6,170ec06a71d8
"direct sales, marketing, or customer service activities",customer service,sales strategy,content marketing,060dca13af57,af4e4e4c03d7,a731b7e8c950
"direct organizational operations, projects, or services",operations management,real-world projects,organizational structure,02d9739e2d83,a18b251c5cc8,8cb3848302c6
approve expenditures,budget management,interest rate,payment processing,381e7e7f788f,ba5565cb820c,8d06ea19f990
prepare operational budgets,prepare data,calculate operational risk capital,budget management,5d45850c5baa,966ff254f415,381e7e7f788f
analyze data to inform operational decisions or activities,data-driven decisions,analyze a data breach,calculate operational risk capital,3cdbb6503c09,41db1b32b4b9,966ff254f415
monitor organizational procedures to ensure proper functioning,organizational assessment,azure monitor,ensure accountability to diversity and inclusion efforts for a sense of belonging,170ec06a71d8,fa8ac4b1b38c,fd16133ef486
confer with organizational members to accomplish work activities,organizational structure,teaching activities,team work,8cb3848302c6,d334de0d305d,70dc49aedf8d
evaluate employee performance,employee engagement,performance techniques,evaluate different data collection approaches,90b862722457,50c9c563c764,4308d262ba90
conduct employee training programs,training programs,employee relations,employee onboarding,c91a5c4b0bdb,b1c2441516f2,a57e4cb16fc4
hire personnel,personnel management,hiring,customer outreach,6918d9132472,52556ab43bfc,9488e0846baa
manage control system activities in organizations,control flow activities,organizations,manage expense control,4abb63e41447,d9811f03b461,e97f0c698df9
maintain personnel records,personnel management,electronic health records,record management,6918d9132472,9bc14bd09c21,1aa49c50e0e1
prepare operational progress or status reports,progress monitoring,ability to prepare financial statements,reports,b5a989054bb6,7e56613a2ebc,a8445719836f
evaluate quality of materials or products,quality,materials research,evaluate different data collection approaches,d66636b253cb,b54736456520,4308d262ba90
"develop operating strategies, plans, or procedures",operating systems,options strategies,writing test plans,f1624e5afb6a,c700557020c0,bd1098fcfc05
implement organizational process or policy changes,organizational change,process,policy making,db1ed3b76ab7,5075140835d0,8052accd515a
develop organizational methods or procedures,organizational strategy,methods,develop team culture,4d6e545411ff,a9ac5a6cc3cb,fd4ea4fecf63
develop specifications for new products or processes,product design processes,develop communication processes during change management planning,collecting data for new solutions,cefdec315735,f77f2bcecc27,b462239f8295
direct facility maintenance or repair activities,error handling approach & activities,or gate,direct foreign investment,8335d26464b5,d6c8c0983834,d7dbf48fa293
recommend organizational process or policy changes,organizational change,policy analysis,process management,db1ed3b76ab7,96c9628e49db,4a7bdd253483
maintain knowledge of current developments in area of expertise,expertise in data science,knowledge of general business functions,due diligencing your issue area,3cec85239a89,49e1b35b16b4,c66b519ff1a2
negotiate sales or lease agreements for products or services,sales agreements,ability to classify and record different types of lease arrangements for both the lessee and lessor,service level agreements (sla),082c56a3a156,e1b657c11575,3a0da9f870a6
determine causes of operational problems or failures,understand operational risk scenario analysis,causes of death,behavior problems diagnosis and treatment,74fe0528c27f,7a78717af7c0,a8d783c6d748
monitor the productivity or efficiency of industrial operations,productivity,industrial iot,prove the concept of of efficiency,737ad5005108,20be59e19f80,49fffd4c8845
conduct validation tests of equipment or processes,validation,personal protective equipment,system tests,a617908b172c,414d1ab8da6a,dc0ebdffa052
determine operational methods,methods,calculate operational risk capital,determine your leadership style,a9ac5a6cc3cb,966ff254f415,ce5275d1f549
direct industrial production activities,production,industrial iot,direct foreign investment,fd89784e59c7,20be59e19f80,d7dbf48fa293
research industrial processes or operations,manufacturing processes,industrial iot,research,0270e82e5a44,20be59e19f80,7412df2b1db8
design control systems for mechanical or other equipment,control systems,mechanical design,systems design,d4c62f1a558b,813e418f098e,66fe44b4fefa
review technical documents to plan work,designing rpa technical specification documents,plan,review management,7b0342e1d11a,5fc25157650d,22bd137c51e5
confer with other personnel to resolve design or operational problems,personnel management,apply the principles of design thinking to innovative problem solving,understand operational risk scenario analysis,6918d9132472,530aa5cc0969,74fe0528c27f
analyze design or requirements information for mechanical equipment or systems,mechanical design,requirements analysis,information design,813e418f098e,3893cbb4049e,979ff1a4970d
direct installation activities,verify an ansible installation,teaching activities,direct foreign investment,5e80ebd97e31,d334de0d305d,d7dbf48fa293
direct equipment maintenance or repair activities,personal protective equipment,error handling approach & activities,direct foreign investment,414d1ab8da6a,8335d26464b5,d7dbf48fa293
"test performance of electrical, electronic, mechanical, or integrated systems or equipment",electronic circuits,mechanical systems analysis and mechanical modelling,test taking,a84a40642a3c,d23e50a9caf6,16309f7990f0
coordinate safety or regulatory compliance activities,regulatory compliance,safety compliance,error handling approach & activities,4e4ff7039f22,5ea97cc0076e,8335d26464b5
document technical design details,information design,document validation,document warehouse,979ff1a4970d,8c8790508d02,12c794a0d7a1
identify new applications for existing technologies,emerging technologies,use and mix together existing data to obtain new data,decentralized applications,d9000beaf680,ad194b21665d,3941945d7722
design electronic or computer equipment or instrumentation,electronic digital instrument,computer-aided design (cad),personal protective equipment,4a96d68a92ef,7e243ce316f8,414d1ab8da6a
evaluate plans or specifications to determine technological or environmental implications,environmental impact assessment,writing test plans,technological,a4a640d71221,bd1098fcfc05,8582ddf1573d
advise others regarding green practices or environmental concerns,greater understanding of environmental concerns,green strategy,health practices,310c23fd2d02,4d414f6fd118,697193704b54
"select tools, equipment, or technologies for use in operations or projects",emerging technologies,select queries,project operations,d9000beaf680,3f64988b53ad,d8ed544e2272
install production equipment or systems,production,personal protective equipment,operating systems,fd89784e59c7,414d1ab8da6a,f1624e5afb6a
design industrial equipment,design for manufacturing,industrial iot,personal protective equipment,41400dedd9f3,20be59e19f80,414d1ab8da6a
"investigate system, equipment, or product failures",system testing,product management,personal protective equipment,ca6117ea05ac,53b9f9a2494f,414d1ab8da6a
prepare proposal documents,documents,prepare data,solution proposal and communication,21f64da1e579,5d45850c5baa,c3464dd13139
supervise production or support personnel,personnel management,production,customer support,6918d9132472,fd89784e59c7,64430ad2835b
perform marketing activities,marketing,teaching activities,marketing performance,c769c2bd1550,d334de0d305d,937091e584e1
advise others on logistics topics,logistics planning,itil 4 foundation topics,communicating with others in person,537673b823b1,3d22e9fd0291,62317ddbee32
identify opportunities to improve operational efficiency,algorithmic efficiency,understand operational risk scenario analysis,discovering opportunities,0dbbcd9e85e6,74fe0528c27f,0b78f857d28c
"analyze jobs using observation, survey, or interview techniques",data analysis interview,jobs,hone observation skills,22a8a394965f,27a06a9e3d5e,0be97b2fe6a9
plan facility layouts or designs,study designs,responsive layouts,plan,0207b591a5d5,d576be9a21f8,5fc25157650d
develop technical specifications for systems or equipment,technical support,systems design,personal protective equipment,6544768291be,66fe44b4fefa,414d1ab8da6a
analyze logistics processes,logistics planning,office processes,analyze financial statements,537673b823b1,0c29bb383513,62bb27f24dab
maintain data in information systems or databases,data and databases,geographic information systems (gis),information assurance,44e862edbe4f,0084fa936ea8,68043ff470d5
establish organizational guidelines or policies,organizational strategy,conditional access policies,establish coaching agreements,4d6e545411ff,250ff4c36d7a,f14a60909863
estimate costs of goods or services,cost estimate,luxury goods,cloud services,bd1d85f33bd2,f492b215b3fe,be0182262c2a
"assess the cost effectiveness of products, projects, or services",cost,evaluate projects on a portfolio basis the economic attractiveness of various abatement projects,assess marketing problems,4e1566f0798f,754666b07e71,1d8e86f4a956
apply mathematical models of financial or business conditions,developing financial models,mathematical induction,mathematical model,d81a55777dc2,62cddbf87ae8,3e37c05adbca
develop business or financial information systems,financial planning (business),geographic information systems (gis),information theory,7915162f0c8c,0084fa936ea8,b0f01c409733
evaluate logistics methods to reduce environmental impact,logistics planning,environmental impact assessment,how to reduce food waste,537673b823b1,a4a640d71221,d7c46c558d85
develop business or market strategies,business strategies,market (economics),growth strategies,114fb0d53fa1,b50f963e49d9,195dba959310
develop sustainable business strategies or practices,sustainable business,business strategies,good ethical practices,975c4e764bff,114fb0d53fa1,94a2e56a2ee9
prepare financial documents,ability to prepare financial statements,documents,prepare data,7e56613a2ebc,21f64da1e579,5d45850c5baa
analyze environmental regulations to ensure organizational compliance,compliance strategy,environmental monitoring,regulations,df741fa450b6,e2ee4e5d252a,ee6929dafa83
create graphical representations of industrial production systems,production,list of graphical user interface elements,building systems of support,fd89784e59c7,0586134e1b27,373b347cdc67
estimate technical or resource requirements for development or production projects,water resource development,production,requirements analysis,443ab50a6351,fd89784e59c7,3893cbb4049e
assess product or process usefulness,statistical methods for process and product improvement,assess marketing problems,product research,8dee13915ca0,1d8e86f4a956,ecc817d35eef
resolve operational performance problems,performance management,understand operational risk scenario analysis,cybersecurity performance measurement,3fd4fe53e04b,74fe0528c27f,5ebafb320c0f
"purchase materials, equipment, or other resources",materials,personal protective equipment,international human resources,2d2ac038a838,414d1ab8da6a,fdc84c4c4b02
evaluate designs or specifications to ensure quality,study designs,quality,evaluate different data collection approaches,0207b591a5d5,d66636b253cb,4308d262ba90
provide technical guidance to other personnel,personnel management,technical support,child guidance,6918d9132472,6544768291be,00c2ee3c138c
analyze costs and benefits of proposed designs or projects,study designs,sunk costs,compensation and benefits,0207b591a5d5,3815b0b5a181,22ab77af0930
investigate the environmental impact of projects,environmental impact assessment,workflow of data science projects,evaluate projects on a portfolio basis the economic attractiveness of various abatement projects,a4a640d71221,ebda78d8469a,754666b07e71
estimate labor requirements,effective use of labor,cost estimate,requirements analysis,8657d3271db0,bd1d85f33bd2,3893cbb4049e
perform human resources activities,human resources (hr),human resources best practices,competence (human resources),4faf806bf7de,c06738d7cb15,2c9ee3397278
administer standardized physical or psychological tests,executing tests,physical medicine and rehabilitation,psychological issues,58c07ed4fd0b,4cadd80580be,71bd7119309b
manage human resources activities,human resources (hr),control flow activities,human resources best practices,4faf806bf7de,4abb63e41447,c06738d7cb15
coordinate special events or programs,training programs,sas programs,or gate,c91a5c4b0bdb,7152fca0e366,d6c8c0983834
advise others on career or personal development,career development,personal development,communicating with others in person,3fe3042b3298,586e3b74e618,62317ddbee32
administer compensation or benefits programs,compensation and benefits,prevention programs,management of hypertension programs,22ab77af0930,b49a9e6f7e10,bee9067ec1e5
"interview employees, customers, or others to collect information",strategy interview,working with others,communicating with others in person,1c1cad1fac03,bd60ddc5bb14,62317ddbee32
recruit personnel,personnel management,recruiting,job readiness,6918d9132472,7856ebf310df,cbd229cf0c5e
communicate organizational policies and procedures,organizational strategy,using email to communicate,conditional access policies,4d6e545411ff,5f8ae87ccde0,250ff4c36d7a
advise others on legal or regulatory compliance matters,legal compliance,regulatory compliance,legal research,afa25b53b685,4e4ff7039f22,cf49acca1f31
liaise between departments or other groups to improve function or communication,communication in small groups,ability to account for current liabilities and contingencies,understand the difference between leadership and management,765bf972fcf8,a1be0f01fcf6,21fa4262c46d
compile operational data,data documentation,calculate operational risk capital,data factory,fb35d872b6ae,966ff254f415,c40591be0ff0
analyze data to inform personnel decisions,data-driven decisions,personnel management,analyze a data breach,3cdbb6503c09,6918d9132472,41db1b32b4b9
investigate industrial or transportation accidents,inventory and transportation,industrial iot,international transportation,53dd4fb611bb,20be59e19f80,095a703ccc5d
prepare reports related to compliance matters,compliance strategy,prepare data,reports,df741fa450b6,5d45850c5baa,a8445719836f
represent the organization in external relations,analyze the external business environment and assess the competitive forces that affect the organization,diplomatic relations,external communications,7a6199e2dfd9,4fb5b08139e6,399c4f53685e
negotiate labor disputes,unfair labor practices,preparing for negotiation,effective use of labor,2edf95aa0513,1292506f4417,8657d3271db0
document design or operational test results,document validation,understand operational risk scenario analysis,writing test plans,8c8790508d02,74fe0528c27f,bd1098fcfc05
create graphical representations of mechanical equipment,mechanical design,graphical model,create accessible written products and presentations,813e418f098e,5ac20d595bff,dc00b108ce90
research engineering applications of emerging technologies,emerging technologies,engineering design,bioprocess engineering,d9000beaf680,d9855438ae33,ed60f88fd612
design electromechanical equipment or systems,systems design,personal protective equipment,electricity systems,66fe44b4fefa,414d1ab8da6a,5b4964424cc3
design environmental control systems,environmental systems,control systems,systems design,6483104c7cb1,d4c62f1a558b,66fe44b4fefa
calibrate scientific or technical equipment,scientific writing,personal protective equipment,calibration in machine learning models,4d6acf400662,414d1ab8da6a,1589748650da
select project materials,project selection techniques,materials,select (sql),2ee8e7421336,2d2ac038a838,015c39f2afbc
create physical models or prototypes,legal software prototypes,physical controls,one-to-many models,bd01707ee9b8,800f68468dea,603094eecd32
program robotic equipment,robotic control,personal protective equipment,program design,d5ec9cc158c6,414d1ab8da6a,ffb47dd70a93
fabricate products or components using machine tools,pro tools,motherboard and storage components,using subqueries,746adc3ce663,53b592783e35,f0d1198cae4e
inspect facilities or sites to determine if they meet specifications or standards,inacsl standards,or gate,using databases and interacting with web sites,583225957a3f,d6c8c0983834,4869b25d1df5
assemble equipment or components,incorporating electronic components,personal protective equipment,motherboard and storage components,f3e87868bbce,414d1ab8da6a,53b592783e35
maintain electromechanical equipment,personal protective equipment,fluid mechanics,electrical engineering,414d1ab8da6a,e9de20b41b31,1efe61d0a58c
operate industrial equipment,industrial iot,personal protective equipment,hybrid vehicle manufacturing,20be59e19f80,414d1ab8da6a,4c8f350762de
repair electronic equipment,personal protective equipment,electronic circuits,electronic health records,414d1ab8da6a,a84a40642a3c,9bc14bd09c21
"maintain inventories of materials, equipment, or products",materials,personal protective equipment,measure and report issues related to inventories long-lived assets and pp&e,2d2ac038a838,414d1ab8da6a,32402d5443a6
determine operational criteria or specifications,smart criteria,understand operational risk scenario analysis,determine your leadership style,02ac2ff76b94,74fe0528c27f,ce5275d1f549
research advanced engineering designs or applications,engineering design,study designs,use at in popular applications,d9855438ae33,0207b591a5d5,d007e0bd579b
"coordinate activities with suppliers, contractors, clients, or other departments",teaching activities,understand why the role of chief customer officer must be created at the corporate level to coordinate and integrate activities across products and business units,working with others,d334de0d305d,6a901f9ab4b7,bd60ddc5bb14
conduct quantitative failure analyses of operational data,failure,qualitative and quantitative data analysis,calculate operational risk capital,3ee28fe1a60c,1732ea38dce6,966ff254f415
determine design criteria or specifications,smart criteria,design for manufacturing,evaluation design,02ac2ff76b94,41400dedd9f3,df8561d60643
evaluate technical data to determine effect on designs or plans,study designs,evaluate different data collection approaches,writing test plans,0207b591a5d5,4308d262ba90,bd1098fcfc05
direct design or development activities,strategy development,web design,teaching activities,e7f8b2c6810a,bdc393dff00c,d334de0d305d
design energy-efficient vehicles or vehicle components,energy efficient building design,electric vehicles,hybrid vehicle manufacturing,572c09481298,e7df4121d1af,4c8f350762de
research design or application of green technologies,green design,emerging technologies,research design,8ef1306520ed,d9000beaf680,d7b75427e092
monitor processes for compliance with standards,compliance implementation,azure monitor,office processes,e07ea79deb22,fa8ac4b1b38c,0c29bb383513
test products for functionality or quality,quality,test case,basic tensor functionality,d66636b253cb,ebd3c89725d4,3dc588613e79
inspect operational processes,office processes,manufacturing processes,understand operational risk scenario analysis,0c29bb383513,0270e82e5a44,74fe0528c27f
monitor activities affecting environmental quality,environmental monitoring,quality,azure monitor,e2ee4e5d252a,d66636b253cb,fa8ac4b1b38c
prepare drawings or diagrams of products or services,create accessible written products and presentations,prepare data,prepare a detailed sales call plan,dc00b108ce90,5d45850c5baa,506583358173
"explain engineering drawings, specifications, or other technical information",information engineering,explain the role of materials engineers in contemporary engineering practice for technological applications,designing rpa technical specification documents,17803db9ce31,d2e5330ba975,7b0342e1d11a
design structures or facilities,organizational structures,green building design,or gate,9acc1e5cd5a6,7fb0a83a1950,d6c8c0983834
direct quality control activities,control flow activities,quality,source control,4abb63e41447,d66636b253cb,318e7cc5cc6f
research human performance or health factors related to engineering or design activities,health research,engineering design,human-level performance (hlp),248515e83c8a,d9855438ae33,a7bdab21d08b
analyze test or validation data,data validation,test taking,analyze a data breach,7d614c5b9ae3,16309f7990f0,41db1b32b4b9
analyze green technology design requirements,green technology,requirements analysis,green design,38cb82650562,3893cbb4049e,8ef1306520ed
assist engineers or scientists with research,lead engineers,research,proficiency with makerdao,da00d82f03cd,7412df2b1db8,a071a279bca3
assemble mechanical components or machine parts,mechanical design,integration by parts,motherboard and storage components,813e418f098e,8d8b7db66ec8,53b592783e35
fabricate devices or components,wearable devices,motherboard and storage components,incorporating electronic components,e4f3b5639229,53b592783e35,f3e87868bbce
collaborate with others to develop or refine designs,study designs,working with others,refine research instruments,0207b591a5d5,bd60ddc5bb14,a7b7131295ef
schedule operational activities,schedule,control flow activities,teaching activities,799855594adc,4abb63e41447,d334de0d305d
test characteristics of materials or structures,materials,test taking,ar characteristics,2d2ac038a838,16309f7990f0,805fc5c1d17a
implement transportation changes to reduce environmental impact,environmental impact assessment,efficient transportation systems,reverting changes,a4a640d71221,995c33174219,1b5b70c37d4d
document organizational or operational procedures,organizational analysis,process definition document,document warehouse,dbf801cd7195,077b37efd178,12c794a0d7a1
"negotiate contracts for transportation, distribution, or logistics services",distribution and logistics,contracts,international transportation,e1b150754821,e9839443e2c0,095a703ccc5d
coordinate with external parties to exchange information,external communications,foreign currency exchange,geospatial information system,399c4f53685e,63e9d907bdd4,a37105b004d7
develop procedures to evaluate organizational activities,organizational assessment,teaching activities,evaluate different data collection approaches,170ec06a71d8,d334de0d305d,4308d262ba90
develop organizational goals or objectives,setting objectives,organizational culture,goals,667727a74b62,93a8dd5826ef,152c8d094c15
analyze data to assess operational or project effectiveness,project evaluation,analyze a data breach,understand operational risk scenario analysis,79c4dd20b5f2,41db1b32b4b9,74fe0528c27f
"manage operations, research, or logistics projects",logistics planning,project operations,manage expense control,537673b823b1,d8ed544e2272,e97f0c698df9
evaluate environmental impact of operational or development activities,environmental impact assessment,strategy development,understand operational risk scenario analysis,a4a640d71221,e7f8b2c6810a,74fe0528c27f
develop sustainable organizational policies or practices,sustainable leadership,organizational strategy,parking policies,e5860847095a,4d6e545411ff,0ddf1bae68b2
identify opportunities for green initiatives,green strategy,discovering opportunities,address resistance to innovation initiatives,4d414f6fd118,0b78f857d28c,4e46877e9689
estimate cost or material requirements,cost estimate,material design,requirements analysis,bd1d85f33bd2,38b024ca010b,3893cbb4049e
manage inventories of products or organizational resources,organizational analysis,natural resources,create accessible written products and presentations,dbf801cd7195,656114a38931,dc00b108ce90
monitor performance of organizational members or partners,performance problem (organizational development),azure monitor,promote effective communication for both individuals and group members,9fb8b881e40a,fa8ac4b1b38c,b90a5f932e75
"evaluate potential of products, technologies, or resources",emerging technologies,evaluate different data collection approaches,natural resources,d9000beaf680,4308d262ba90,656114a38931
analyze chemical compounds or substances,chemical classification,analyze financial statements,chemical engineering,f02b8c39d3be,62bb27f24dab,74f3fd3bb3da
develop new or advanced products or production methods,production,advanced packaging assembly methods,new product development,fd89784e59c7,b3202b182771,eccdaab2ae71
collaborate on research activities with scientists or technical specialists,research,learn to engage with technical concepts,technical interview preparation,7412df2b1db8,d4793dfe8103,02494e9ed104
supervise scientific or technical personnel,personnel management,scientific writing,technical support,6918d9132472,4d6acf400662,6544768291be
"establish standards for products, processes, or procedures",product development processes,inacsl standards,identifying business processes for automation,5402ba93471c,583225957a3f,2af854050699
prepare scientific or technical reports or presentations,scientific writing,oral presentations,prepare data,4d6acf400662,ccc4d1d9a8f6,5d45850c5baa
research methods to improve food products,food science,research methods,how to reduce food waste,da6b6c07cafa,444510b9c3c3,d7c46c558d85
prepare compounds or solutions for products or testing,prepare data,following through on solutions,testing vocabulary,5d45850c5baa,4a1caf119652,ffdf4621b0cb
maintain laboratory or technical equipment,personal protective equipment,technical support,technical interview preparation,414d1ab8da6a,6544768291be,02494e9ed104
test quality of materials or finished products,quality,test preparation,materials,d66636b253cb,834fcfea4206,2d2ac038a838
monitor operational procedures in technical environments to ensure conformance to standards,execution environments,w-fi standards,azure monitor,91dbb13e3a32,97e632ee2ee3,fa8ac4b1b38c
manage scientific or technical project resources,scientific writing,project management,natural resources,4d6acf400662,948d1f30a0fa,656114a38931
inspect condition or functioning of facilities or equipment,personal protective equipment,or gate,quality of service,414d1ab8da6a,d6c8c0983834,3f078e2078e8
review details of technical drawings or specifications,technical support,designing rpa technical specification documents,sez technical,6544768291be,7b0342e1d11a,4c29274ab46c
evaluate new technologies or methods,methods,emerging technologies,evaluate different data collection approaches,a9ac5a6cc3cb,d9000beaf680,4308d262ba90
review documents or materials for compliance with policies or regulations,regulations,compliance techniques,read legal documents,ee6929dafa83,50173787ddd0,6b306e6c84b1
monitor facilities or operational systems,azure monitor,use at in operating systems,battery management systems,fa8ac4b1b38c,b75ac8ea7b39,7007faf418f1
advise customers on technical or procedural issues,technical interviewing,understand the impact on pricing as customers order online,social issues,e9ec0a2c6e6d,5653d4592b47,aeaac9d4ac7b
communicate organizational information to customers or other stakeholders,presenting to stakeholders,using email to communicate,organizational theory,e1f28709fa97,5f8ae87ccde0,f93bec28cb76
operate computer systems,operating systems,computer hardware,control systems,f1624e5afb6a,39c1280cc062,d4c62f1a558b
maintain test equipment,test automation,personal protective equipment,certification test,a6e1c2c21cc8,414d1ab8da6a,54a8e7155159
inspect finished products to locate flaws,tencent cloud products,practice evaluating on-the-ground problems to identify pertinent solutions,big data products,25aa304c3c46,bf363c434df6,9c7403fc6e17
collect samples of raw materials or finished products,raw materials and processes,getting the most of data you collect,tencent cloud products,4ec4f7a20f54,d74736c2fa1e,25aa304c3c46
develop biological research methods,research methods,biological neuron model,develop team culture,444510b9c3c3,3444f93619e5,fd4ea4fecf63
research diseases or parasites,infectious diseases,research methods,diseases of poverty,48ee2655e93b,444510b9c3c3,6b55f944d0bc
research microbiological or chemical processes or structures,chemical classification,organizational structures,microbiology,f02b8c39d3be,9acc1e5cd5a6,617c126cabc4
analyze biological samples,biological neuron model,analyze financial statements,data scientist,3444f93619e5,62bb27f24dab,9e6002ec2984
research genetic characteristics or expression,genetic analysis,expression,ar characteristics,8077f124cccc,63973cd3ad7c,805fc5c1d17a
design research studies to obtain scientific information,research design,scientific writing,information design,d7b75427e092,4d6acf400662,979ff1a4970d
instruct college students in physical or life sciences,involving students in assessment,urban sciences,physical controls,f4283dfbb653,46d9ce7f5b1c,800f68468dea
set up laboratory or field equipment,field surveys,personal protective equipment,set up a youtube channel,4e7b71da39bd,414d1ab8da6a,31563c6ec4b8
write grant proposals,grant writing,develop social welfare policy analysis and reform proposals,write a co-writing agreement,50c51c20afba,333e029b0118,357ff6cf3fd9
"cultivate micro-organisms for study, testing, or medical preparations",genetically modified organisms (gmos),herbal preparations,unit testing,c41b00b05cd5,a912f5be80d2,1b45811985d9
prepare biological samples for testing or analysis,prepare data,statistical hypothesis testing,biological neuron model,5d45850c5baa,affe3f6ec267,3444f93619e5
monitor environmental impacts of production or development activities,environmental impacts,video pre-production,manage the development and use of different research instruments,d5543f5402aa,59eb32e7d575,7e31f9e44f69
inspect condition of natural environments,natural resources,execution environments,natural language processing,656114a38931,91dbb13e3a32,81861c829fa0
classify organisms based on their characteristics or behavior,genetically modified organisms (gmos),behavior tree,building recommender systems based on collaborative filtering,c41b00b05cd5,4d19aea9a71d,3e4d8275fe68
examine characteristics or behavior of living organisms,knowledge of human behavior,genetically modified organisms (gmos),ar characteristics,b08da67facc1,c41b00b05cd5,805fc5c1d17a
operate laboratory or field equipment,personal protective equipment,field surveys,design of experiments (doe),414d1ab8da6a,4e7b71da39bd,4771395651ce
interpret design or operational test results,interpretation of results,understand operational risk scenario analysis,certification test,21ee2ab4106d,74fe0528c27f,54a8e7155159
