model,preset,_source_basename,f1,precision,recall,coverage
sentence-transformers/paraphrase-albert-small-v2,F_recall_first,threshold_sweep_coursera_dwa_cb25d773_skill_1edbbb05.csv,0.5161290322580646,0.5,0.5333333333333333,0.1860465116279069
sentence-transformers/paraphrase-albert-small-v2,A_semantic_only,threshold_sweep_coursera_dwa_cb25d773_skill_1edbbb05.csv,0.4651162790697675,0.3448275862068966,0.7142857142857143,0.3372093023255814
sentence-transformers/all-mpnet-base-v2,F_recall_first,threshold_sweep_coursera_dwa_cb25d773_skill_1edbbb05.csv,0.4516129032258064,0.4117647058823529,0.5,0.1976744186046511
sentence-transformers/distiluse-base-multilingual-cased-v2,I_short_skills_bias,threshold_sweep_coursera_dwa_cb25d773_skill_1edbbb05.csv,0.4470588235294118,0.296875,0.9047619047619048,0.7441860465116279
sentence-transformers/all-distilroberta-v1,H_zfilter,threshold_sweep_coursera_dwa_cb25d773_skill_1edbbb05.csv,0.4444444444444445,0.3018867924528302,0.8421052631578947,0.6162790697674418
sentence-transformers/paraphrase-MiniLM-L3-v2,F_recall_first,threshold_sweep_coursera_dwa_cb25d773_skill_1edbbb05.csv,0.44,0.3548387096774194,0.5789473684210527,0.3604651162790697
sentence-transformers/all-distilroberta-v1,F_recall_first,threshold_sweep_coursera_dwa_cb25d773_skill_1edbbb05.csv,0.4358974358974359,0.293103448275862,0.85,0.6744186046511628
sentence-transformers/distiluse-base-multilingual-cased-v2,D_char_jaccard,threshold_sweep_coursera_dwa_cb25d773_skill_1edbbb05.csv,0.4285714285714286,0.28125,0.9,0.7441860465116279
sentence-transformers/distiluse-base-multilingual-cased-v2,B_hybrid_light,threshold_sweep_coursera_dwa_cb25d773_skill_1edbbb05.csv,0.4269662921348314,0.2714285714285714,1.0,0.813953488372093
sentence-transformers/distiluse-base-multilingual-cased-v2,H_zfilter,threshold_sweep_coursera_dwa_cb25d773_skill_1edbbb05.csv,0.4175824175824176,0.2638888888888889,1.0,0.8372093023255814
sentence-transformers/all-MiniLM-L6-v2,J_char_heavy,threshold_sweep_coursera_dwa_cb25d773_skill_1edbbb05.csv,0.4150943396226415,0.2619047619047619,1.0,0.9767441860465116
sentence-transformers/all-MiniLM-L6-v2,I_short_skills_bias,threshold_sweep_coursera_dwa_cb25d773_skill_1edbbb05.csv,0.4146341463414634,0.2786885245901639,0.8095238095238095,0.7093023255813954
sentence-transformers/paraphrase-albert-small-v2,D_char_jaccard,threshold_sweep_coursera_dwa_cb25d773_skill_1edbbb05.csv,0.4102564102564102,0.2711864406779661,0.8421052631578947,0.686046511627907
sentence-transformers/distiluse-base-multilingual-cased-v2,F_recall_first,threshold_sweep_coursera_dwa_cb25d773_skill_1edbbb05.csv,0.4057971014492754,0.28,0.7368421052631579,0.5813953488372093
sentence-transformers/all-distilroberta-v1,B_hybrid_light,threshold_sweep_coursera_dwa_cb25d773_skill_1edbbb05.csv,0.4057971014492754,0.2745098039215686,0.7777777777777778,0.5930232558139535
sentence-transformers/distiluse-base-multilingual-cased-v2,E_diversity,threshold_sweep_coursera_dwa_cb25d773_skill_1edbbb05.csv,0.4042553191489362,0.2533333333333333,1.0,0.872093023255814
sentence-transformers/all-MiniLM-L6-v2,E_diversity,threshold_sweep_coursera_dwa_cb25d773_skill_1edbbb05.csv,0.4,0.2615384615384615,0.85,0.7558139534883721
sentence-transformers/distiluse-base-multilingual-cased-v2,G_mnn_heavy,threshold_sweep_coursera_dwa_cb25d773_skill_1edbbb05.csv,0.4,0.25,1.0,0.8837209302325582
sentence-transformers/all-MiniLM-L6-v2,F_recall_first,threshold_sweep_coursera_dwa_cb25d773_skill_1edbbb05.csv,0.3999999999999999,0.3636363636363636,0.4444444444444444,0.2558139534883721
sentence-transformers/distiluse-base-multilingual-cased-v2,J_char_heavy,threshold_sweep_coursera_dwa_cb25d773_skill_1edbbb05.csv,0.396039603960396,0.2469135802469135,1.0,0.9418604651162792
sentence-transformers/paraphrase-MiniLM-L3-v2,A_semantic_only,threshold_sweep_coursera_dwa_cb25d773_skill_1edbbb05.csv,0.3939393939393939,0.2549019607843137,0.8666666666666667,0.5930232558139535
sentence-transformers/all-distilroberta-v1,E_diversity,threshold_sweep_coursera_dwa_cb25d773_skill_1edbbb05.csv,0.3934426229508197,0.2790697674418604,0.6666666666666666,0.5
sentence-transformers/all-distilroberta-v1,I_short_skills_bias,threshold_sweep_coursera_dwa_cb25d773_skill_1edbbb05.csv,0.3888888888888889,0.2641509433962264,0.7368421052631579,0.6162790697674418
sentence-transformers/all-MiniLM-L6-v2,D_char_jaccard,threshold_sweep_coursera_dwa_cb25d773_skill_1edbbb05.csv,0.3877551020408163,0.2435897435897435,0.95,0.9069767441860463
sentence-transformers/all-distilroberta-v1,C_lex_sem_strong,threshold_sweep_coursera_dwa_cb25d773_skill_1edbbb05.csv,0.3809523809523809,0.2352941176470588,1.0,0.9883720930232558
sentence-transformers/all-distilroberta-v1,J_char_heavy,threshold_sweep_coursera_dwa_cb25d773_skill_1edbbb05.csv,0.3809523809523809,0.2352941176470588,1.0,0.9883720930232558
sentence-transformers/all-MiniLM-L6-v2,C_lex_sem_strong,threshold_sweep_coursera_dwa_cb25d773_skill_1edbbb05.csv,0.3773584905660377,0.2325581395348837,1.0,1.0
sentence-transformers/all-MiniLM-L6-v2,G_mnn_heavy,threshold_sweep_coursera_dwa_cb25d773_skill_1edbbb05.csv,0.3764705882352941,0.2424242424242424,0.8421052631578947,0.7674418604651163
sentence-transformers/all-MiniLM-L6-v2,A_semantic_only,threshold_sweep_coursera_dwa_cb25d773_skill_1edbbb05.csv,0.3749999999999999,0.2727272727272727,0.6,0.2558139534883721
sentence-transformers/all-MiniLM-L6-v2,B_hybrid_light,threshold_sweep_coursera_dwa_cb25d773_skill_1edbbb05.csv,0.3733333333333333,0.25,0.7368421052631579,0.6511627906976745
sentence-transformers/paraphrase-albert-small-v2,I_short_skills_bias,threshold_sweep_coursera_dwa_cb25d773_skill_1edbbb05.csv,0.3678160919540229,0.2285714285714285,0.9411764705882352,0.813953488372093
sentence-transformers/all-distilroberta-v1,D_char_jaccard,threshold_sweep_coursera_dwa_cb25d773_skill_1edbbb05.csv,0.3666666666666667,0.2558139534883721,0.6470588235294118,0.5
sentence-transformers/paraphrase-albert-small-v2,G_mnn_heavy,threshold_sweep_coursera_dwa_cb25d773_skill_1edbbb05.csv,0.3636363636363636,0.2222222222222222,1.0,0.8372093023255814
sentence-transformers/all-MiniLM-L6-v2,H_zfilter,threshold_sweep_coursera_dwa_cb25d773_skill_1edbbb05.csv,0.3636363636363636,0.2553191489361702,0.631578947368421,0.5465116279069767
sentence-transformers/paraphrase-albert-small-v2,B_hybrid_light,threshold_sweep_coursera_dwa_cb25d773_skill_1edbbb05.csv,0.3636363636363636,0.2253521126760563,0.9411764705882352,0.8255813953488372
sentence-transformers/paraphrase-albert-small-v2,E_diversity,threshold_sweep_coursera_dwa_cb25d773_skill_1edbbb05.csv,0.3636363636363636,0.2253521126760563,0.9411764705882352,0.8255813953488372
sentence-transformers/paraphrase-MiniLM-L3-v2,C_lex_sem_strong,threshold_sweep_coursera_dwa_cb25d773_skill_1edbbb05.csv,0.3619047619047619,0.2209302325581395,1.0,1.0
sentence-transformers/all-mpnet-base-v2,J_char_heavy,threshold_sweep_coursera_dwa_cb25d773_skill_1edbbb05.csv,0.3619047619047619,0.2209302325581395,1.0,1.0
sentence-transformers/paraphrase-MiniLM-L3-v2,D_char_jaccard,threshold_sweep_coursera_dwa_cb25d773_skill_1edbbb05.csv,0.3614457831325301,0.2307692307692307,0.8333333333333334,0.7558139534883721
sentence-transformers/paraphrase-MiniLM-L3-v2,E_diversity,threshold_sweep_coursera_dwa_cb25d773_skill_1edbbb05.csv,0.3614457831325301,0.2307692307692307,0.8333333333333334,0.7558139534883721
sentence-transformers/all-distilroberta-v1,G_mnn_heavy,threshold_sweep_coursera_dwa_cb25d773_skill_1edbbb05.csv,0.358974358974359,0.2333333333333333,0.7777777777777778,0.6976744186046512
sentence-transformers/paraphrase-albert-small-v2,H_zfilter,threshold_sweep_coursera_dwa_cb25d773_skill_1edbbb05.csv,0.3561643835616438,0.2321428571428571,0.7647058823529411,0.6511627906976745
sentence-transformers/all-mpnet-base-v2,D_char_jaccard,threshold_sweep_coursera_dwa_cb25d773_skill_1edbbb05.csv,0.3555555555555555,0.2191780821917808,0.9411764705882352,0.8488372093023255
sentence-transformers/paraphrase-MiniLM-L3-v2,H_zfilter,threshold_sweep_coursera_dwa_cb25d773_skill_1edbbb05.csv,0.3544303797468354,0.2295081967213114,0.7777777777777778,0.7093023255813954
sentence-transformers/paraphrase-MiniLM-L3-v2,I_short_skills_bias,threshold_sweep_coursera_dwa_cb25d773_skill_1edbbb05.csv,0.3529411764705882,0.2142857142857142,1.0,0.9767441860465116
sentence-transformers/paraphrase-MiniLM-L3-v2,J_char_heavy,threshold_sweep_coursera_dwa_cb25d773_skill_1edbbb05.csv,0.3495145631067961,0.2117647058823529,1.0,0.9883720930232558
sentence-transformers/distiluse-base-multilingual-cased-v2,C_lex_sem_strong,threshold_sweep_coursera_dwa_cb25d773_skill_1edbbb05.csv,0.3495145631067961,0.2117647058823529,1.0,0.9883720930232558
sentence-transformers/all-mpnet-base-v2,I_short_skills_bias,threshold_sweep_coursera_dwa_cb25d773_skill_1edbbb05.csv,0.3488372093023255,0.217391304347826,0.8823529411764706,0.8023255813953488
sentence-transformers/paraphrase-MiniLM-L3-v2,B_hybrid_light,threshold_sweep_coursera_dwa_cb25d773_skill_1edbbb05.csv,0.3461538461538462,0.2093023255813953,1.0,1.0
sentence-transformers/all-mpnet-base-v2,C_lex_sem_strong,threshold_sweep_coursera_dwa_cb25d773_skill_1edbbb05.csv,0.3461538461538462,0.2093023255813953,1.0,1.0
sentence-transformers/paraphrase-MiniLM-L3-v2,G_mnn_heavy,threshold_sweep_coursera_dwa_cb25d773_skill_1edbbb05.csv,0.3461538461538462,0.2093023255813953,1.0,1.0
sentence-transformers/paraphrase-albert-small-v2,C_lex_sem_strong,threshold_sweep_coursera_dwa_cb25d773_skill_1edbbb05.csv,0.3300970873786408,0.1976744186046511,1.0,1.0
sentence-transformers/paraphrase-albert-small-v2,J_char_heavy,threshold_sweep_coursera_dwa_cb25d773_skill_1edbbb05.csv,0.3300970873786408,0.1976744186046511,1.0,1.0
sentence-transformers/all-mpnet-base-v2,B_hybrid_light,threshold_sweep_coursera_dwa_cb25d773_skill_1edbbb05.csv,0.3174603174603174,0.2040816326530612,0.7142857142857143,0.5697674418604651
sentence-transformers/sentence-t5-base,F_recall_first,threshold_sweep_coursera_dwa_cb25d773_skill_1edbbb05.csv,0.3137254901960785,0.1860465116279069,1.0,1.0
sentence-transformers/sentence-t5-base,C_lex_sem_strong,threshold_sweep_coursera_dwa_cb25d773_skill_1edbbb05.csv,0.3137254901960785,0.1860465116279069,1.0,1.0
sentence-transformers/sentence-t5-base,D_char_jaccard,threshold_sweep_coursera_dwa_cb25d773_skill_1edbbb05.csv,0.3137254901960785,0.1860465116279069,1.0,1.0
sentence-transformers/sentence-t5-base,J_char_heavy,threshold_sweep_coursera_dwa_cb25d773_skill_1edbbb05.csv,0.3137254901960785,0.1860465116279069,1.0,1.0
embedding-data/deberta-sentence-transformer,J_char_heavy,threshold_sweep_coursera_dwa_cb25d773_skill_1edbbb05.csv,0.3061224489795918,0.180722891566265,1.0,0.9651162790697676
sentence-transformers/all-mpnet-base-v2,E_diversity,threshold_sweep_coursera_dwa_cb25d773_skill_1edbbb05.csv,0.3055555555555555,0.1896551724137931,0.7857142857142857,0.6744186046511628
sentence-transformers/all-mpnet-base-v2,H_zfilter,threshold_sweep_coursera_dwa_cb25d773_skill_1edbbb05.csv,0.3018867924528302,0.2051282051282051,0.5714285714285714,0.4534883720930232
sentence-transformers/sentence-t5-base,H_zfilter,threshold_sweep_coursera_dwa_cb25d773_skill_1edbbb05.csv,0.297029702970297,0.1744186046511628,1.0,1.0
sentence-transformers/all-distilroberta-v1,A_semantic_only,threshold_sweep_coursera_dwa_cb25d773_skill_1edbbb05.csv,0.2941176470588235,0.1724137931034483,1.0,0.6744186046511628
sentence-transformers/all-mpnet-base-v2,G_mnn_heavy,threshold_sweep_coursera_dwa_cb25d773_skill_1edbbb05.csv,0.2857142857142857,0.1666666666666666,1.0,0.9767441860465116
sentence-transformers/sentence-t5-base,G_mnn_heavy,threshold_sweep_coursera_dwa_cb25d773_skill_1edbbb05.csv,0.28,0.1627906976744186,1.0,1.0
sentence-transformers/sentence-t5-base,I_short_skills_bias,threshold_sweep_coursera_dwa_cb25d773_skill_1edbbb05.csv,0.28,0.1627906976744186,1.0,1.0
sentence-transformers/sentence-t5-base,B_hybrid_light,threshold_sweep_coursera_dwa_cb25d773_skill_1edbbb05.csv,0.28,0.1627906976744186,1.0,1.0
embedding-data/deberta-sentence-transformer,C_lex_sem_strong,threshold_sweep_coursera_dwa_cb25d773_skill_1edbbb05.csv,0.28,0.1627906976744186,1.0,1.0
sentence-transformers/sentence-t5-base,E_diversity,threshold_sweep_coursera_dwa_cb25d773_skill_1edbbb05.csv,0.28,0.1627906976744186,1.0,1.0
embedding-data/deberta-sentence-transformer,I_short_skills_bias,threshold_sweep_coursera_dwa_cb25d773_skill_1edbbb05.csv,0.2696629213483145,0.1578947368421052,0.9230769230769232,0.8837209302325582
embedding-data/deberta-sentence-transformer,D_char_jaccard,threshold_sweep_coursera_dwa_cb25d773_skill_1edbbb05.csv,0.2666666666666666,0.1558441558441558,0.9230769230769232,0.8953488372093024
sentence-transformers/all-mpnet-base-v2,A_semantic_only,threshold_sweep_coursera_dwa_cb25d773_skill_1edbbb05.csv,0.2608695652173913,0.1578947368421052,0.75,0.4418604651162791
embedding-data/deberta-sentence-transformer,H_zfilter,threshold_sweep_coursera_dwa_cb25d773_skill_1edbbb05.csv,0.2528735632183908,0.1447368421052631,1.0,0.8837209302325582
embedding-data/deberta-sentence-transformer,E_diversity,threshold_sweep_coursera_dwa_cb25d773_skill_1edbbb05.csv,0.2380952380952381,0.1351351351351351,1.0,0.8604651162790697
sentence-transformers/sentence-t5-base,A_semantic_only,threshold_sweep_coursera_dwa_cb25d773_skill_1edbbb05.csv,0.2352941176470588,0.1395348837209302,0.75,0.5
sentence-transformers/distiluse-base-multilingual-cased-v2,A_semantic_only,threshold_sweep_coursera_dwa_cb25d773_skill_1edbbb05.csv,0.2340425531914893,0.1325301204819277,1.0,0.9651162790697676
embedding-data/deberta-sentence-transformer,B_hybrid_light,threshold_sweep_coursera_dwa_cb25d773_skill_1edbbb05.csv,0.2222222222222222,0.125,1.0,0.9302325581395348
embedding-data/deberta-sentence-transformer,F_recall_first,threshold_sweep_coursera_dwa_cb25d773_skill_1edbbb05.csv,0.2222222222222222,0.125,1.0,0.8372093023255814
embedding-data/deberta-sentence-transformer,G_mnn_heavy,threshold_sweep_coursera_dwa_cb25d773_skill_1edbbb05.csv,0.1777777777777777,0.0975609756097561,1.0,0.9534883720930232
embedding-data/deberta-sentence-transformer,A_semantic_only,threshold_sweep_coursera_dwa_cb25d773_skill_1edbbb05.csv,0.0,0.0,0.0,1.0
